"date","region","Qom","Tehran","Mazandaran","Alborz","Semnan","Golestan","Qazvin","Esfahan","Fars","Hormozgan","Kohgiluyeh and Buyer Ahmad","Chahar Mahall and Bakhtiari","Bushehr","Gilan","Ardebil","East Azarbaijan","West Azarbaijan","Kordestan","Zanjan","Markazi","Hamadan","Khuzestan","Kermanshah","Lorestan","Ilam","Razavi Khorasan","Sistan and Baluchestan","Yazd","South Khorasan","Kerman","North Khorasan"
2020-02-19,"Region 1",2,0,0,0,0,0,0,NA,NA,NA,NA,NA,NA,NA,NA,NA,NA,NA,NA,NA,NA,NA,NA,NA,NA,NA,NA,NA,NA,NA,NA
2020-02-19,"Region 2",NA,NA,NA,NA,NA,NA,NA,0,0,0,0,0,0,NA,NA,NA,NA,NA,NA,NA,NA,NA,NA,NA,NA,NA,NA,NA,NA,NA,NA
2020-02-19,"Region 3",NA,NA,NA,NA,NA,NA,NA,NA,NA,NA,NA,NA,NA,0,0,0,0,0,0,NA,NA,NA,NA,NA,NA,NA,NA,NA,NA,NA,NA
2020-02-19,"Region 4",NA,NA,NA,NA,NA,NA,NA,NA,NA,NA,NA,NA,NA,NA,NA,NA,NA,NA,NA,0,0,0,0,0,0,NA,NA,NA,NA,NA,NA
2020-02-19,"Region 5",NA,NA,NA,NA,NA,NA,NA,NA,NA,NA,NA,NA,NA,NA,NA,NA,NA,NA,NA,NA,NA,NA,NA,NA,NA,0,0,0,0,0,0
2020-02-20,"Region 1",2,0,0,0,0,0,0,NA,NA,NA,NA,NA,NA,NA,NA,NA,NA,NA,NA,NA,NA,NA,NA,NA,NA,NA,NA,NA,NA,NA,NA
2020-02-20,"Region 2",NA,NA,NA,NA,NA,NA,NA,0,0,0,0,0,0,NA,NA,NA,NA,NA,NA,NA,NA,NA,NA,NA,NA,NA,NA,NA,NA,NA,NA
2020-02-20,"Region 3",NA,NA,NA,NA,NA,NA,NA,NA,NA,NA,NA,NA,NA,0,0,0,0,0,0,NA,NA,NA,NA,NA,NA,NA,NA,NA,NA,NA,NA
2020-02-20,"Region 4",NA,NA,NA,NA,NA,NA,NA,NA,NA,NA,NA,NA,NA,NA,NA,NA,NA,NA,NA,1,0,0,0,0,0,NA,NA,NA,NA,NA,NA
2020-02-20,"Region 5",NA,NA,NA,NA,NA,NA,NA,NA,NA,NA,NA,NA,NA,NA,NA,NA,NA,NA,NA,NA,NA,NA,NA,NA,NA,0,0,0,0,0,0
2020-02-21,"Region 1",7,4,0,0,0,0,0,NA,NA,NA,NA,NA,NA,NA,NA,NA,NA,NA,NA,NA,NA,NA,NA,NA,NA,NA,NA,NA,NA,NA,NA
2020-02-21,"Region 2",NA,NA,NA,NA,NA,NA,NA,0,0,0,0,0,0,NA,NA,NA,NA,NA,NA,NA,NA,NA,NA,NA,NA,NA,NA,NA,NA,NA,NA
2020-02-21,"Region 3",NA,NA,NA,NA,NA,NA,NA,NA,NA,NA,NA,NA,NA,2,0,0,0,0,0,NA,NA,NA,NA,NA,NA,NA,NA,NA,NA,NA,NA
2020-02-21,"Region 4",NA,NA,NA,NA,NA,NA,NA,NA,NA,NA,NA,NA,NA,NA,NA,NA,NA,NA,NA,0,0,0,0,0,0,NA,NA,NA,NA,NA,NA
2020-02-21,"Region 5",NA,NA,NA,NA,NA,NA,NA,NA,NA,NA,NA,NA,NA,NA,NA,NA,NA,NA,NA,NA,NA,NA,NA,NA,NA,0,0,0,0,0,0
2020-02-22,"Region 1",8,2,0,0,0,0,0,NA,NA,NA,NA,NA,NA,NA,NA,NA,NA,NA,NA,NA,NA,NA,NA,NA,NA,NA,NA,NA,NA,NA,NA
2020-02-22,"Region 2",NA,NA,NA,NA,NA,NA,NA,0,0,0,0,0,0,NA,NA,NA,NA,NA,NA,NA,NA,NA,NA,NA,NA,NA,NA,NA,NA,NA,NA
2020-02-22,"Region 3",NA,NA,NA,NA,NA,NA,NA,NA,NA,NA,NA,NA,NA,0,0,0,0,0,0,NA,NA,NA,NA,NA,NA,NA,NA,NA,NA,NA,NA
2020-02-22,"Region 4",NA,NA,NA,NA,NA,NA,NA,NA,NA,NA,NA,NA,NA,NA,NA,NA,NA,NA,NA,0,0,0,0,0,0,NA,NA,NA,NA,NA,NA
2020-02-22,"Region 5",NA,NA,NA,NA,NA,NA,NA,NA,NA,NA,NA,NA,NA,NA,NA,NA,NA,NA,NA,NA,NA,NA,NA,NA,NA,0,0,0,0,0,0
2020-02-23,"Region 1",7,4,1,0,0,0,0,NA,NA,NA,NA,NA,NA,NA,NA,NA,NA,NA,NA,NA,NA,NA,NA,NA,NA,NA,NA,NA,NA,NA,NA
2020-02-23,"Region 2",NA,NA,NA,NA,NA,NA,NA,0,0,0,0,0,0,NA,NA,NA,NA,NA,NA,NA,NA,NA,NA,NA,NA,NA,NA,NA,NA,NA,NA
2020-02-23,"Region 3",NA,NA,NA,NA,NA,NA,NA,NA,NA,NA,NA,NA,NA,2,0,0,0,0,0,NA,NA,NA,NA,NA,NA,NA,NA,NA,NA,NA,NA
2020-02-23,"Region 4",NA,NA,NA,NA,NA,NA,NA,NA,NA,NA,NA,NA,NA,NA,NA,NA,NA,NA,NA,1,0,0,0,0,0,NA,NA,NA,NA,NA,NA
2020-02-23,"Region 5",NA,NA,NA,NA,NA,NA,NA,NA,NA,NA,NA,NA,NA,NA,NA,NA,NA,NA,NA,NA,NA,NA,NA,NA,NA,0,0,0,0,0,0
2020-02-24,"Region 1",8,3,0,0,0,0,0,NA,NA,NA,NA,NA,NA,NA,NA,NA,NA,NA,NA,NA,NA,NA,NA,NA,NA,NA,NA,NA,NA,NA,NA
2020-02-24,"Region 2",NA,NA,NA,NA,NA,NA,NA,2,0,0,0,0,0,NA,NA,NA,NA,NA,NA,NA,NA,NA,NA,NA,NA,NA,NA,NA,NA,NA,NA
2020-02-24,"Region 3",NA,NA,NA,NA,NA,NA,NA,NA,NA,NA,NA,NA,NA,2,0,0,0,0,0,NA,NA,NA,NA,NA,NA,NA,NA,NA,NA,NA,NA
2020-02-24,"Region 4",NA,NA,NA,NA,NA,NA,NA,NA,NA,NA,NA,NA,NA,NA,NA,NA,NA,NA,NA,2,1,0,0,0,0,NA,NA,NA,NA,NA,NA
2020-02-24,"Region 5",NA,NA,NA,NA,NA,NA,NA,NA,NA,NA,NA,NA,NA,NA,NA,NA,NA,NA,NA,NA,NA,NA,NA,NA,NA,0,0,0,0,0,0
2020-02-25,"Region 1",16,8,2,2,0,0,0,NA,NA,NA,NA,NA,NA,NA,NA,NA,NA,NA,NA,NA,NA,NA,NA,NA,NA,NA,NA,NA,NA,NA,NA
2020-02-25,"Region 2",NA,NA,NA,NA,NA,NA,NA,0,1,1,0,0,0,NA,NA,NA,NA,NA,NA,NA,NA,NA,NA,NA,NA,NA,NA,NA,NA,NA,NA
2020-02-25,"Region 3",NA,NA,NA,NA,NA,NA,NA,NA,NA,NA,NA,NA,NA,2,0,0,0,0,0,NA,NA,NA,NA,NA,NA,NA,NA,NA,NA,NA,NA
2020-02-25,"Region 4",NA,NA,NA,NA,NA,NA,NA,NA,NA,NA,NA,NA,NA,NA,NA,NA,NA,NA,NA,0,0,0,0,0,0,NA,NA,NA,NA,NA,NA
2020-02-25,"Region 5",NA,NA,NA,NA,NA,NA,NA,NA,NA,NA,NA,NA,NA,NA,NA,NA,NA,NA,NA,NA,NA,NA,NA,NA,NA,1,0,0,0,0,0
2020-02-26,"Region 1",15,4,1,0,1,0,0,NA,NA,NA,NA,NA,NA,NA,NA,NA,NA,NA,NA,NA,NA,NA,NA,NA,NA,NA,NA,NA,NA,NA,NA
2020-02-26,"Region 2",NA,NA,NA,NA,NA,NA,NA,0,2,1,2,0,0,NA,NA,NA,NA,NA,NA,NA,NA,NA,NA,NA,NA,NA,NA,NA,NA,NA,NA
2020-02-26,"Region 3",NA,NA,NA,NA,NA,NA,NA,NA,NA,NA,NA,NA,NA,1,0,0,0,0,0,NA,NA,NA,NA,NA,NA,NA,NA,NA,NA,NA,NA
2020-02-26,"Region 4",NA,NA,NA,NA,NA,NA,NA,NA,NA,NA,NA,NA,NA,NA,NA,NA,NA,NA,NA,1,0,3,1,1,0,NA,NA,NA,NA,NA,NA
2020-02-26,"Region 5",NA,NA,NA,NA,NA,NA,NA,NA,NA,NA,NA,NA,NA,NA,NA,NA,NA,NA,NA,NA,NA,NA,NA,NA,NA,0,2,0,0,0,0
2020-02-27,"Region 1",7,38,7,3,3,0,0,NA,NA,NA,NA,NA,NA,NA,NA,NA,NA,NA,NA,NA,NA,NA,NA,NA,NA,NA,NA,NA,NA,NA,NA
2020-02-27,"Region 2",NA,NA,NA,NA,NA,NA,NA,8,0,0,0,0,0,NA,NA,NA,NA,NA,NA,NA,NA,NA,NA,NA,NA,NA,NA,NA,NA,NA,NA
2020-02-27,"Region 3",NA,NA,NA,NA,NA,NA,NA,NA,NA,NA,NA,NA,NA,23,5,2,1,1,0,NA,NA,NA,NA,NA,NA,NA,NA,NA,NA,NA,NA
2020-02-27,"Region 4",NA,NA,NA,NA,NA,NA,NA,NA,NA,NA,NA,NA,NA,NA,NA,NA,NA,NA,NA,0,1,0,2,3,0,NA,NA,NA,NA,NA,NA
2020-02-27,"Region 5",NA,NA,NA,NA,NA,NA,NA,NA,NA,NA,NA,NA,NA,NA,NA,NA,NA,NA,NA,NA,NA,NA,NA,NA,NA,1,0,1,0,0,0
2020-02-28,"Region 1",16,64,9,3,2,2,2,NA,NA,NA,NA,NA,NA,NA,NA,NA,NA,NA,NA,NA,NA,NA,NA,NA,NA,NA,NA,NA,NA,NA,NA
2020-02-28,"Region 2",NA,NA,NA,NA,NA,NA,NA,10,0,0,0,0,0,NA,NA,NA,NA,NA,NA,NA,NA,NA,NA,NA,NA,NA,NA,NA,NA,NA,NA
2020-02-28,"Region 3",NA,NA,NA,NA,NA,NA,NA,NA,NA,NA,NA,NA,NA,25,1,4,0,2,0,NA,NA,NA,NA,NA,NA,NA,NA,NA,NA,NA,NA
2020-02-28,"Region 4",NA,NA,NA,NA,NA,NA,NA,NA,NA,NA,NA,NA,NA,NA,NA,NA,NA,NA,NA,0,0,3,0,0,0,NA,NA,NA,NA,NA,NA
2020-02-28,"Region 5",NA,NA,NA,NA,NA,NA,NA,NA,NA,NA,NA,NA,NA,NA,NA,NA,NA,NA,NA,NA,NA,NA,NA,NA,NA,0,0,0,0,0,0
2020-02-29,"Region 1",21,52,12,8,4,22,6,NA,NA,NA,NA,NA,NA,NA,NA,NA,NA,NA,NA,NA,NA,NA,NA,NA,NA,NA,NA,NA,NA,NA,NA
2020-02-29,"Region 2",NA,NA,NA,NA,NA,NA,NA,12,8,0,0,0,0,NA,NA,NA,NA,NA,NA,NA,NA,NA,NA,NA,NA,NA,NA,NA,NA,NA,NA
2020-02-29,"Region 3",NA,NA,NA,NA,NA,NA,NA,NA,NA,NA,NA,NA,NA,17,3,6,0,5,0,NA,NA,NA,NA,NA,NA,NA,NA,NA,NA,NA,NA
2020-02-29,"Region 4",NA,NA,NA,NA,NA,NA,NA,NA,NA,NA,NA,NA,NA,NA,NA,NA,NA,NA,NA,18,0,4,0,0,1,NA,NA,NA,NA,NA,NA
2020-02-29,"Region 5",NA,NA,NA,NA,NA,NA,NA,NA,NA,NA,NA,NA,NA,NA,NA,NA,NA,NA,NA,NA,NA,NA,NA,NA,NA,0,1,4,1,0,0
2020-03-01,"Region 1",30,170,11,31,3,0,0,NA,NA,NA,NA,NA,NA,NA,NA,NA,NA,NA,NA,NA,NA,NA,NA,NA,NA,NA,NA,NA,NA,NA,NA
2020-03-01,"Region 2",NA,NA,NA,NA,NA,NA,NA,13,8,2,0,0,0,NA,NA,NA,NA,NA,NA,NA,NA,NA,NA,NA,NA,NA,NA,NA,NA,NA,NA
2020-03-01,"Region 3",NA,NA,NA,NA,NA,NA,NA,NA,NA,NA,NA,NA,NA,28,0,0,0,0,0,NA,NA,NA,NA,NA,NA,NA,NA,NA,NA,NA,NA
2020-03-01,"Region 4",NA,NA,NA,NA,NA,NA,NA,NA,NA,NA,NA,NA,NA,NA,NA,NA,NA,NA,NA,44,3,9,2,8,1,NA,NA,NA,NA,NA,NA
2020-03-01,"Region 5",NA,NA,NA,NA,NA,NA,NA,NA,NA,NA,NA,NA,NA,NA,NA,NA,NA,NA,NA,NA,NA,NA,NA,NA,NA,17,2,0,2,2,0
2020-03-02,"Region 1",0,0,0,0,0,0,0,NA,NA,NA,NA,NA,NA,NA,NA,NA,NA,NA,NA,NA,NA,NA,NA,NA,NA,NA,NA,NA,NA,NA,NA
2020-03-02,"Region 2",NA,NA,NA,NA,NA,NA,NA,0,0,0,0,0,0,NA,NA,NA,NA,NA,NA,NA,NA,NA,NA,NA,NA,NA,NA,NA,NA,NA,NA
2020-03-02,"Region 3",NA,NA,NA,NA,NA,NA,NA,NA,NA,NA,NA,NA,NA,0,0,0,0,0,0,NA,NA,NA,NA,NA,NA,NA,NA,NA,NA,NA,NA
2020-03-02,"Region 4",NA,NA,NA,NA,NA,NA,NA,NA,NA,NA,NA,NA,NA,NA,NA,NA,NA,NA,NA,0,0,0,0,0,0,NA,NA,NA,NA,NA,NA
2020-03-02,"Region 5",NA,NA,NA,NA,NA,NA,NA,NA,NA,NA,NA,NA,NA,NA,NA,NA,NA,NA,NA,NA,NA,NA,NA,NA,NA,0,0,0,0,0,0
2020-03-03,"Region 1",0,0,0,0,0,0,0,NA,NA,NA,NA,NA,NA,NA,NA,NA,NA,NA,NA,NA,NA,NA,NA,NA,NA,NA,NA,NA,NA,NA,NA
2020-03-03,"Region 2",NA,NA,NA,NA,NA,NA,NA,0,0,0,0,0,0,NA,NA,NA,NA,NA,NA,NA,NA,NA,NA,NA,NA,NA,NA,NA,NA,NA,NA
2020-03-03,"Region 3",NA,NA,NA,NA,NA,NA,NA,NA,NA,NA,NA,NA,NA,0,0,0,0,0,0,NA,NA,NA,NA,NA,NA,NA,NA,NA,NA,NA,NA
2020-03-03,"Region 4",NA,NA,NA,NA,NA,NA,NA,NA,NA,NA,NA,NA,NA,NA,NA,NA,NA,NA,NA,0,0,0,0,0,0,NA,NA,NA,NA,NA,NA
2020-03-03,"Region 5",NA,NA,NA,NA,NA,NA,NA,NA,NA,NA,NA,NA,NA,NA,NA,NA,NA,NA,NA,NA,NA,NA,NA,NA,NA,0,0,0,0,0,0
2020-03-04,"Region 1",101,253,9,19,8,9,25,NA,NA,NA,NA,NA,NA,NA,NA,NA,NA,NA,NA,NA,NA,NA,NA,NA,NA,NA,NA,NA,NA,NA,NA
2020-03-04,"Region 2",NA,NA,NA,NA,NA,NA,NA,0,14,0,0,1,0,NA,NA,NA,NA,NA,NA,NA,NA,NA,NA,NA,NA,NA,NA,NA,NA,NA,NA
2020-03-04,"Region 3",NA,NA,NA,NA,NA,NA,NA,NA,NA,NA,NA,NA,NA,35,0,9,0,4,6,NA,NA,NA,NA,NA,NA,NA,NA,NA,NA,NA,NA
2020-03-04,"Region 4",NA,NA,NA,NA,NA,NA,NA,NA,NA,NA,NA,NA,NA,NA,NA,NA,NA,NA,NA,8,0,27,15,5,7,NA,NA,NA,NA,NA,NA
2020-03-04,"Region 5",NA,NA,NA,NA,NA,NA,NA,NA,NA,NA,NA,NA,NA,NA,NA,NA,NA,NA,NA,NA,NA,NA,NA,NA,NA,8,8,0,0,14,1
2020-03-05,"Region 1",32,56,50,61,22,4,31,NA,NA,NA,NA,NA,NA,NA,NA,NA,NA,NA,NA,NA,NA,NA,NA,NA,NA,NA,NA,NA,NA,NA,NA
2020-03-05,"Region 2",NA,NA,NA,NA,NA,NA,NA,118,19,2,0,8,3,NA,NA,NA,NA,NA,NA,NA,NA,NA,NA,NA,NA,NA,NA,NA,NA,NA,NA
2020-03-05,"Region 3",NA,NA,NA,NA,NA,NA,NA,NA,NA,NA,NA,NA,NA,80,17,10,5,6,7,NA,NA,NA,NA,NA,NA,NA,NA,NA,NA,NA,NA
2020-03-05,"Region 4",NA,NA,NA,NA,NA,NA,NA,NA,NA,NA,NA,NA,NA,NA,NA,NA,NA,NA,NA,31,6,1,0,11,0,NA,NA,NA,NA,NA,NA
2020-03-05,"Region 5",NA,NA,NA,NA,NA,NA,NA,NA,NA,NA,NA,NA,NA,NA,NA,NA,NA,NA,NA,NA,NA,NA,NA,NA,NA,53,5,0,9,0,2
2020-03-06,"Region 1",137,61,180,129,54,67,65,NA,NA,NA,NA,NA,NA,NA,NA,NA,NA,NA,NA,NA,NA,NA,NA,NA,NA,NA,NA,NA,NA,NA,NA
2020-03-06,"Region 2",NA,NA,NA,NA,NA,NA,NA,150,13,6,4,5,2,NA,NA,NA,NA,NA,NA,NA,NA,NA,NA,NA,NA,NA,NA,NA,NA,NA,NA
2020-03-06,"Region 3",NA,NA,NA,NA,NA,NA,NA,NA,NA,NA,NA,NA,NA,91,11,10,1,24,35,NA,NA,NA,NA,NA,NA,NA,NA,NA,NA,NA,NA
2020-03-06,"Region 4",NA,NA,NA,NA,NA,NA,NA,NA,NA,NA,NA,NA,NA,NA,NA,NA,NA,NA,NA,48,7,0,5,50,2,NA,NA,NA,NA,NA,NA
2020-03-06,"Region 5",NA,NA,NA,NA,NA,NA,NA,NA,NA,NA,NA,NA,NA,NA,NA,NA,NA,NA,NA,NA,NA,NA,NA,NA,NA,0,2,50,3,7,12
2020-03-07,"Region 1",145,126,305,3,24,58,2,NA,NA,NA,NA,NA,NA,NA,NA,NA,NA,NA,NA,NA,NA,NA,NA,NA,NA,NA,NA,NA,NA,NA,NA
2020-03-07,"Region 2",NA,NA,NA,NA,NA,NA,NA,96,14,11,0,2,3,NA,NA,NA,NA,NA,NA,NA,NA,NA,NA,NA,NA,NA,NA,NA,NA,NA,NA
2020-03-07,"Region 3",NA,NA,NA,NA,NA,NA,NA,NA,NA,NA,NA,NA,NA,70,1,2,22,2,2,NA,NA,NA,NA,NA,NA,NA,NA,NA,NA,NA,NA
2020-03-07,"Region 4",NA,NA,NA,NA,NA,NA,NA,NA,NA,NA,NA,NA,NA,NA,NA,NA,NA,NA,NA,37,11,1,4,27,2,NA,NA,NA,NA,NA,NA
2020-03-07,"Region 5",NA,NA,NA,NA,NA,NA,NA,NA,NA,NA,NA,NA,NA,NA,NA,NA,NA,NA,NA,NA,NA,NA,NA,NA,NA,46,13,24,0,15,8
2020-03-08,"Region 1",17,266,14,2,37,13,29,NA,NA,NA,NA,NA,NA,NA,NA,NA,NA,NA,NA,NA,NA,NA,NA,NA,NA,NA,NA,NA,NA,NA,NA
2020-03-08,"Region 2",NA,NA,NA,NA,NA,NA,NA,80,9,5,3,5,2,NA,NA,NA,NA,NA,NA,NA,NA,NA,NA,NA,NA,NA,NA,NA,NA,NA,NA
2020-03-08,"Region 3",NA,NA,NA,NA,NA,NA,NA,NA,NA,NA,NA,NA,NA,2,9,30,7,19,1,NA,NA,NA,NA,NA,NA,NA,NA,NA,NA,NA,NA
2020-03-08,"Region 4",NA,NA,NA,NA,NA,NA,NA,NA,NA,NA,NA,NA,NA,NA,NA,NA,NA,NA,NA,70,26,5,2,37,0,NA,NA,NA,NA,NA,NA
2020-03-08,"Region 5",NA,NA,NA,NA,NA,NA,NA,NA,NA,NA,NA,NA,NA,NA,NA,NA,NA,NA,NA,NA,NA,NA,NA,NA,NA,19,0,6,26,1,1
2020-03-09,"Region 1",27,140,13,0,45,0,40,NA,NA,NA,NA,NA,NA,NA,NA,NA,NA,NA,NA,NA,NA,NA,NA,NA,NA,NA,NA,NA,NA,NA,NA
2020-03-09,"Region 2",NA,NA,NA,NA,NA,NA,NA,37,29,17,0,5,1,NA,NA,NA,NA,NA,NA,NA,NA,NA,NA,NA,NA,NA,NA,NA,NA,NA,NA
2020-03-09,"Region 3",NA,NA,NA,NA,NA,NA,NA,NA,NA,NA,NA,NA,NA,28,22,22,29,3,15,NA,NA,NA,NA,NA,NA,NA,NA,NA,NA,NA,NA
2020-03-09,"Region 4",NA,NA,NA,NA,NA,NA,NA,NA,NA,NA,NA,NA,NA,NA,NA,NA,NA,NA,NA,54,0,4,11,7,16,NA,NA,NA,NA,NA,NA
2020-03-09,"Region 5",NA,NA,NA,NA,NA,NA,NA,NA,NA,NA,NA,NA,NA,NA,NA,NA,NA,NA,NA,NA,NA,NA,NA,NA,NA,29,0,3,-7,-5,10
2020-03-10,"Region 1",39,169,253,32,1,4,10,NA,NA,NA,NA,NA,NA,NA,NA,NA,NA,NA,NA,NA,NA,NA,NA,NA,NA,NA,NA,NA,NA,NA,NA
2020-03-10,"Region 2",NA,NA,NA,NA,NA,NA,NA,17,18,17,2,11,7,NA,NA,NA,NA,NA,NA,NA,NA,NA,NA,NA,NA,NA,NA,NA,NA,NA,NA
2020-03-10,"Region 3",NA,NA,NA,NA,NA,NA,NA,NA,NA,NA,NA,NA,NA,0,19,17,4,12,11,NA,NA,NA,NA,NA,NA,NA,NA,NA,NA,NA,NA
2020-03-10,"Region 4",NA,NA,NA,NA,NA,NA,NA,NA,NA,NA,NA,NA,NA,NA,NA,NA,NA,NA,NA,27,17,37,7,25,25,NA,NA,NA,NA,NA,NA
2020-03-10,"Region 5",NA,NA,NA,NA,NA,NA,NA,NA,NA,NA,NA,NA,NA,NA,NA,NA,NA,NA,NA,NA,NA,NA,NA,NA,NA,39,6,37,14,4,0
2020-03-11,"Region 1",53,256,32,45,63,9,27,NA,NA,NA,NA,NA,NA,NA,NA,NA,NA,NA,NA,NA,NA,NA,NA,NA,NA,NA,NA,NA,NA,NA,NA
2020-03-11,"Region 2",NA,NA,NA,NA,NA,NA,NA,170,19,10,0,1,0,NA,NA,NA,NA,NA,NA,NA,NA,NA,NA,NA,NA,NA,NA,NA,NA,NA,NA
2020-03-11,"Region 3",NA,NA,NA,NA,NA,NA,NA,NA,NA,NA,NA,NA,NA,5,1,29,27,6,22,NA,NA,NA,NA,NA,NA,NA,NA,NA,NA,NA,NA
2020-03-11,"Region 4",NA,NA,NA,NA,NA,NA,NA,NA,NA,NA,NA,NA,NA,NA,NA,NA,NA,NA,NA,31,7,17,8,9,6,NA,NA,NA,NA,NA,NA
2020-03-11,"Region 5",NA,NA,NA,NA,NA,NA,NA,NA,NA,NA,NA,NA,NA,NA,NA,NA,NA,NA,NA,NA,NA,NA,NA,NA,NA,34,4,23,15,18,11
2020-03-12,"Region 1",42,303,79,74,40,25,42,NA,NA,NA,NA,NA,NA,NA,NA,NA,NA,NA,NA,NA,NA,NA,NA,NA,NA,NA,NA,NA,NA,NA,NA
2020-03-12,"Region 2",NA,NA,NA,NA,NA,NA,NA,4,29,0,15,11,3,NA,NA,NA,NA,NA,NA,NA,NA,NA,NA,NA,NA,NA,NA,NA,NA,NA,NA
2020-03-12,"Region 3",NA,NA,NA,NA,NA,NA,NA,NA,NA,NA,NA,NA,NA,84,14,7,19,9,17,NA,NA,NA,NA,NA,NA,NA,NA,NA,NA,NA,NA
2020-03-12,"Region 4",NA,NA,NA,NA,NA,NA,NA,NA,NA,NA,NA,NA,NA,NA,NA,NA,NA,NA,NA,88,12,31,20,25,7,NA,NA,NA,NA,NA,NA
2020-03-12,"Region 5",NA,NA,NA,NA,NA,NA,NA,NA,NA,NA,NA,NA,NA,NA,NA,NA,NA,NA,NA,NA,NA,NA,NA,NA,NA,29,6,21,12,7,0
2020-03-13,"Region 1",42,303,192,6,38,21,12,NA,NA,NA,NA,NA,NA,NA,NA,NA,NA,NA,NA,NA,NA,NA,NA,NA,NA,NA,NA,NA,NA,NA,NA
2020-03-13,"Region 2",NA,NA,NA,NA,NA,NA,NA,110,33,4,0,0,0,NA,NA,NA,NA,NA,NA,NA,NA,NA,NA,NA,NA,NA,NA,NA,NA,NA,NA
2020-03-13,"Region 3",NA,NA,NA,NA,NA,NA,NA,NA,NA,NA,NA,NA,NA,71,15,97,25,9,20,NA,NA,NA,NA,NA,NA,NA,NA,NA,NA,NA,NA
2020-03-13,"Region 4",NA,NA,NA,NA,NA,NA,NA,NA,NA,NA,NA,NA,NA,NA,NA,NA,NA,NA,NA,48,10,15,15,25,8,NA,NA,NA,NA,NA,NA
2020-03-13,"Region 5",NA,NA,NA,NA,NA,NA,NA,NA,NA,NA,NA,NA,NA,NA,NA,NA,NA,NA,NA,NA,NA,NA,NA,NA,NA,110,2,46,0,12,0
2020-03-14,"Region 1",32,347,17,134,47,0,47,NA,NA,NA,NA,NA,NA,NA,NA,NA,NA,NA,NA,NA,NA,NA,NA,NA,NA,NA,NA,NA,NA,NA,NA
2020-03-14,"Region 2",NA,NA,NA,NA,NA,NA,NA,155,11,0,0,0,7,NA,NA,NA,NA,NA,NA,NA,NA,NA,NA,NA,NA,NA,NA,NA,NA,NA,NA
2020-03-14,"Region 3",NA,NA,NA,NA,NA,NA,NA,NA,NA,NA,NA,NA,NA,113,33,59,31,5,31,NA,NA,NA,NA,NA,NA,NA,NA,NA,NA,NA,NA
2020-03-14,"Region 4",NA,NA,NA,NA,NA,NA,NA,NA,NA,NA,NA,NA,NA,NA,NA,NA,NA,NA,NA,115,7,48,8,2,6,NA,NA,NA,NA,NA,NA
2020-03-14,"Region 5",NA,NA,NA,NA,NA,NA,NA,NA,NA,NA,NA,NA,NA,NA,NA,NA,NA,NA,NA,NA,NA,NA,NA,NA,NA,30,2,73,4,0,1
2020-03-15,"Region 1",84,251,72,67,41,25,22,NA,NA,NA,NA,NA,NA,NA,NA,NA,NA,NA,NA,NA,NA,NA,NA,NA,NA,NA,NA,NA,NA,NA,NA
2020-03-15,"Region 2",NA,NA,NA,NA,NA,NA,NA,126,9,7,1,0,6,NA,NA,NA,NA,NA,NA,NA,NA,NA,NA,NA,NA,NA,NA,NA,NA,NA,NA
2020-03-15,"Region 3",NA,NA,NA,NA,NA,NA,NA,NA,NA,NA,NA,NA,NA,43,0,36,18,27,32,NA,NA,NA,NA,NA,NA,NA,NA,NA,NA,NA,NA
2020-03-15,"Region 4",NA,NA,NA,NA,NA,NA,NA,NA,NA,NA,NA,NA,NA,NA,NA,NA,NA,NA,NA,0,11,32,13,52,18,NA,NA,NA,NA,NA,NA
2020-03-15,"Region 5",NA,NA,NA,NA,NA,NA,NA,NA,NA,NA,NA,NA,NA,NA,NA,NA,NA,NA,NA,NA,NA,NA,NA,NA,NA,143,6,36,18,7,6
2020-03-16,"Region 1",19,200,96,49,34,42,40,NA,NA,NA,NA,NA,NA,NA,NA,NA,NA,NA,NA,NA,NA,NA,NA,NA,NA,NA,NA,NA,NA,NA,NA
2020-03-16,"Region 2",NA,NA,NA,NA,NA,NA,NA,118,43,16,5,3,4,NA,NA,NA,NA,NA,NA,NA,NA,NA,NA,NA,NA,NA,NA,NA,NA,NA,NA
2020-03-16,"Region 3",NA,NA,NA,NA,NA,NA,NA,NA,NA,NA,NA,NA,NA,18,30,35,31,31,15,NA,NA,NA,NA,NA,NA,NA,NA,NA,NA,NA,NA
2020-03-16,"Region 4",NA,NA,NA,NA,NA,NA,NA,NA,NA,NA,NA,NA,NA,NA,NA,NA,NA,NA,NA,14,12,53,16,0,2,NA,NA,NA,NA,NA,NA
2020-03-16,"Region 5",NA,NA,NA,NA,NA,NA,NA,NA,NA,NA,NA,NA,NA,NA,NA,NA,NA,NA,NA,NA,NA,NA,NA,NA,NA,0,11,51,7,13,45
2020-03-17,"Region 1",29,273,59,116,33,30,26,NA,NA,NA,NA,NA,NA,NA,NA,NA,NA,NA,NA,NA,NA,NA,NA,NA,NA,NA,NA,NA,NA,NA,NA
2020-03-17,"Region 2",NA,NA,NA,NA,NA,NA,NA,75,31,6,0,2,4,NA,NA,NA,NA,NA,NA,NA,NA,NA,NA,NA,NA,NA,NA,NA,NA,NA,NA
2020-03-17,"Region 3",NA,NA,NA,NA,NA,NA,NA,NA,NA,NA,NA,NA,NA,45,19,78,34,2,25,NA,NA,NA,NA,NA,NA,NA,NA,NA,NA,NA,NA
2020-03-17,"Region 4",NA,NA,NA,NA,NA,NA,NA,NA,NA,NA,NA,NA,NA,NA,NA,NA,NA,NA,NA,47,6,25,14,35,7,NA,NA,NA,NA,NA,NA
2020-03-17,"Region 5",NA,NA,NA,NA,NA,NA,NA,NA,NA,NA,NA,NA,NA,NA,NA,NA,NA,NA,NA,NA,NA,NA,NA,NA,NA,63,11,49,12,19,3
2020-03-18,"Region 1",22,213,61,76,60,20,53,NA,NA,NA,NA,NA,NA,NA,NA,NA,NA,NA,NA,NA,NA,NA,NA,NA,NA,NA,NA,NA,NA,NA,NA
2020-03-18,"Region 2",NA,NA,NA,NA,NA,NA,NA,162,60,12,13,4,4,NA,NA,NA,NA,NA,NA,NA,NA,NA,NA,NA,NA,NA,NA,NA,NA,NA,NA
2020-03-18,"Region 3",NA,NA,NA,NA,NA,NA,NA,NA,NA,NA,NA,NA,NA,21,10,84,42,22,20,NA,NA,NA,NA,NA,NA,NA,NA,NA,NA,NA,NA
2020-03-18,"Region 4",NA,NA,NA,NA,NA,NA,NA,NA,NA,NA,NA,NA,NA,NA,NA,NA,NA,NA,NA,23,13,28,7,39,10,NA,NA,NA,NA,NA,NA
2020-03-18,"Region 5",NA,NA,NA,NA,NA,NA,NA,NA,NA,NA,NA,NA,NA,NA,NA,NA,NA,NA,NA,NA,NA,NA,NA,NA,NA,30,6,45,21,11,0
2020-03-19,"Region 1",31,137,58,61,16,9,47,NA,NA,NA,NA,NA,NA,NA,NA,NA,NA,NA,NA,NA,NA,NA,NA,NA,NA,NA,NA,NA,NA,NA,NA
2020-03-19,"Region 2",NA,NA,NA,NA,NA,NA,NA,108,21,5,15,3,8,NA,NA,NA,NA,NA,NA,NA,NA,NA,NA,NA,NA,NA,NA,NA,NA,NA,NA
2020-03-19,"Region 3",NA,NA,NA,NA,NA,NA,NA,NA,NA,NA,NA,NA,NA,73,16,58,26,11,26,NA,NA,NA,NA,NA,NA,NA,NA,NA,NA,NA,NA
2020-03-19,"Region 4",NA,NA,NA,NA,NA,NA,NA,NA,NA,NA,NA,NA,NA,NA,NA,NA,NA,NA,NA,47,3,22,23,37,8,NA,NA,NA,NA,NA,NA
2020-03-19,"Region 5",NA,NA,NA,NA,NA,NA,NA,NA,NA,NA,NA,NA,NA,NA,NA,NA,NA,NA,NA,NA,NA,NA,NA,NA,NA,50,18,69,5,14,21
2020-03-20,"Region 1",36,220,84,95,52,15,8,NA,NA,NA,NA,NA,NA,NA,NA,NA,NA,NA,NA,NA,NA,NA,NA,NA,NA,NA,NA,NA,NA,NA,NA
2020-03-20,"Region 2",NA,NA,NA,NA,NA,NA,NA,145,50,17,1,3,1,NA,NA,NA,NA,NA,NA,NA,NA,NA,NA,NA,NA,NA,NA,NA,NA,NA,NA
2020-03-20,"Region 3",NA,NA,NA,NA,NA,NA,NA,NA,NA,NA,NA,NA,NA,99,35,55,27,15,44,NA,NA,NA,NA,NA,NA,NA,NA,NA,NA,NA,NA
2020-03-20,"Region 4",NA,NA,NA,NA,NA,NA,NA,NA,NA,NA,NA,NA,NA,NA,NA,NA,NA,NA,NA,17,5,10,22,9,20,NA,NA,NA,NA,NA,NA
2020-03-20,"Region 5",NA,NA,NA,NA,NA,NA,NA,NA,NA,NA,NA,NA,NA,NA,NA,NA,NA,NA,NA,NA,NA,NA,NA,NA,NA,48,8,49,18,12,17
2020-03-21,"Region 1",20,232,28,55,0,6,59,NA,NA,NA,NA,NA,NA,NA,NA,NA,NA,NA,NA,NA,NA,NA,NA,NA,NA,NA,NA,NA,NA,NA,NA
2020-03-21,"Region 2",NA,NA,NA,NA,NA,NA,NA,101,22,0,12,2,0,NA,NA,NA,NA,NA,NA,NA,NA,NA,NA,NA,NA,NA,NA,NA,NA,NA,NA
2020-03-21,"Region 3",NA,NA,NA,NA,NA,NA,NA,NA,NA,NA,NA,NA,NA,57,6,72,14,7,35,NA,NA,NA,NA,NA,NA,NA,NA,NA,NA,NA,NA
2020-03-21,"Region 4",NA,NA,NA,NA,NA,NA,NA,NA,NA,NA,NA,NA,NA,NA,NA,NA,NA,NA,NA,0,5,31,27,34,18,NA,NA,NA,NA,NA,NA
2020-03-21,"Region 5",NA,NA,NA,NA,NA,NA,NA,NA,NA,NA,NA,NA,NA,NA,NA,NA,NA,NA,NA,NA,NA,NA,NA,NA,NA,57,5,52,0,8,1
2020-03-22,"Region 1",17,249,36,60,0,10,29,NA,NA,NA,NA,NA,NA,NA,NA,NA,NA,NA,NA,NA,NA,NA,NA,NA,NA,NA,NA,NA,NA,NA,NA
2020-03-22,"Region 2",NA,NA,NA,NA,NA,NA,NA,87,26,2,0,2,0,NA,NA,NA,NA,NA,NA,NA,NA,NA,NA,NA,NA,NA,NA,NA,NA,NA,NA
2020-03-22,"Region 3",NA,NA,NA,NA,NA,NA,NA,NA,NA,NA,NA,NA,NA,38,19,57,28,16,28,NA,NA,NA,NA,NA,NA,NA,NA,NA,NA,NA,NA
2020-03-22,"Region 4",NA,NA,NA,NA,NA,NA,NA,NA,NA,NA,NA,NA,NA,NA,NA,NA,NA,NA,NA,36,7,22,19,33,17,NA,NA,NA,NA,NA,NA
2020-03-22,"Region 5",NA,NA,NA,NA,NA,NA,NA,NA,NA,NA,NA,NA,NA,NA,NA,NA,NA,NA,NA,NA,NA,NA,NA,NA,NA,42,15,84,15,8,26
