"Province.State","Country.Region","Lat","Long","date","cases","type"
"","Japan",35.6762,139.6503,2020-01-21,1,"confirmed"
"","Thailand",13.7563,100.5018,2020-01-21,2,"confirmed"
"Beijing","Mainland China",40.18238,116.4142,2020-01-21,10,"confirmed"
"Chongqing","Mainland China",30.05718,107.874,2020-01-21,5,"confirmed"
"Guangdong","Mainland China",23.33841,113.422,2020-01-21,17,"confirmed"
"Hubei","Mainland China",30.97564,112.2707,2020-01-21,270,"confirmed"
"Hunan","Mainland China",27.61041,111.7088,2020-01-21,1,"confirmed"
"Jiangxi","Mainland China",27.61401,115.7221,2020-01-21,2,"confirmed"
"Seattle, WA","US",47.7511,-120.74,2020-01-21,1,"confirmed"
"Shandong","Mainland China",36.34377,118.1529,2020-01-21,1,"confirmed"
"Shanghai","Mainland China",31.20327,121.4554,2020-01-21,9,"confirmed"
"Sichuan","Mainland China",30.61714,102.7103,2020-01-21,2,"confirmed"
"Taiwan","Taiwan",23.6978,120.9605,2020-01-21,1,"confirmed"
"Tianjin","Mainland China",39.29362,117.333,2020-01-21,2,"confirmed"
"Yunnan","Mainland China",24.97411,101.4868,2020-01-21,1,"confirmed"
"Zhejiang","Mainland China",29.18251,120.0985,2020-01-21,5,"confirmed"
"Hubei","Mainland China",30.97564,112.2707,2020-01-21,25,"recovered"
"","Japan",35.6762,139.6503,2020-01-22,1,"confirmed"
"","South Korea",37.5665,126.978,2020-01-22,1,"confirmed"
"Anhui","Mainland China",31.82571,117.2264,2020-01-22,1,"confirmed"
"Beijing","Mainland China",40.18238,116.4142,2020-01-22,4,"confirmed"
"Chongqing","Mainland China",30.05718,107.874,2020-01-22,1,"confirmed"
"Fujian","Mainland China",26.07783,117.9895,2020-01-22,1,"confirmed"
"Guangdong","Mainland China",23.33841,113.422,2020-01-22,9,"confirmed"
"Guangxi","Mainland China",23.82908,108.7881,2020-01-22,2,"confirmed"
"Guizhou","Mainland China",26.81536,106.8748,2020-01-22,1,"confirmed"
"Hainan","Mainland China",19.19673,109.7455,2020-01-22,4,"confirmed"
"Hebei","Mainland China",38.0428,114.5149,2020-01-22,1,"confirmed"
"Henan","Mainland China",33.88202,113.614,2020-01-22,5,"confirmed"
"Hubei","Mainland China",30.97564,112.2707,2020-01-22,174,"confirmed"
"Hunan","Mainland China",27.61041,111.7088,2020-01-22,3,"confirmed"
"Jiangsu","Mainland China",32.97027,119.464,2020-01-22,1,"confirmed"
"Liaoning","Mainland China",41.29284,122.6086,2020-01-22,2,"confirmed"
"Macau","Macau",22.1987,113.5439,2020-01-22,1,"confirmed"
"Ningxia","Mainland China",37.26923,106.1655,2020-01-22,1,"confirmed"
"Shandong","Mainland China",36.34377,118.1529,2020-01-22,1,"confirmed"
"Shanxi","Mainland China",37.57769,112.2922,2020-01-22,1,"confirmed"
"Sichuan","Mainland China",30.61714,102.7103,2020-01-22,3,"confirmed"
"Tianjin","Mainland China",39.29362,117.333,2020-01-22,2,"confirmed"
"Zhejiang","Mainland China",29.18251,120.0985,2020-01-22,5,"confirmed"
"Hubei","Mainland China",30.97564,112.2707,2020-01-22,3,"recovered"
"","Singapore",1.3521,103.8198,2020-01-23,1,"confirmed"
"","Thailand",13.7563,100.5018,2020-01-23,1,"confirmed"
"","Vietnam",21.0278,105.8342,2020-01-23,2,"confirmed"
"Anhui","Mainland China",31.82571,117.2264,2020-01-23,8,"confirmed"
"Beijing","Mainland China",40.18238,116.4142,2020-01-23,8,"confirmed"
"Chongqing","Mainland China",30.05718,107.874,2020-01-23,3,"confirmed"
"Fujian","Mainland China",26.07783,117.9895,2020-01-23,4,"confirmed"
"Gansu","Mainland China",36.0611,103.8343,2020-01-23,2,"confirmed"
"Guangdong","Mainland China",23.33841,113.422,2020-01-23,6,"confirmed"
"Guangxi","Mainland China",23.82908,108.7881,2020-01-23,3,"confirmed"
"Guizhou","Mainland China",26.81536,106.8748,2020-01-23,2,"confirmed"
"Hainan","Mainland China",19.19673,109.7455,2020-01-23,1,"confirmed"
"Heilongjiang","Mainland China",47.862,127.7622,2020-01-23,2,"confirmed"
"Hong Kong","Hong Kong",22.3193,114.1694,2020-01-23,2,"confirmed"
"Hunan","Mainland China",27.61041,111.7088,2020-01-23,5,"confirmed"
"Jiangsu","Mainland China",32.97027,119.464,2020-01-23,4,"confirmed"
"Jiangxi","Mainland China",27.61401,115.7221,2020-01-23,5,"confirmed"
"Jilin","Mainland China",43.66657,126.1917,2020-01-23,1,"confirmed"
"Liaoning","Mainland China",41.29284,122.6086,2020-01-23,1,"confirmed"
"Macau","Macau",22.1987,113.5439,2020-01-23,1,"confirmed"
"Shaanxi","Mainland China",35.19165,108.8701,2020-01-23,3,"confirmed"
"Shandong","Mainland China",36.34377,118.1529,2020-01-23,4,"confirmed"
"Shanghai","Mainland China",31.20327,121.4554,2020-01-23,7,"confirmed"
"Sichuan","Mainland China",30.61714,102.7103,2020-01-23,3,"confirmed"
"Xinjiang","Mainland China",41.11981,85.17822,2020-01-23,2,"confirmed"
"Yunnan","Mainland China",24.97411,101.4868,2020-01-23,1,"confirmed"
"Zhejiang","Mainland China",29.18251,120.0985,2020-01-23,17,"confirmed"
"Guangdong","Mainland China",23.33841,113.422,2020-01-23,2,"recovered"
"","France",46.2276,2.2137,2020-01-24,2,"confirmed"
"","Singapore",1.3521,103.8198,2020-01-24,2,"confirmed"
"","South Korea",37.5665,126.978,2020-01-24,1,"confirmed"
"","Thailand",13.7563,100.5018,2020-01-24,2,"confirmed"
"Anhui","Mainland China",31.82571,117.2264,2020-01-24,6,"confirmed"
"Beijing","Mainland China",40.18238,116.4142,2020-01-24,14,"confirmed"
"Chicago, IL","US",40.6331,-89.3985,2020-01-24,1,"confirmed"
"Chongqing","Mainland China",30.05718,107.874,2020-01-24,18,"confirmed"
"Fujian","Mainland China",26.07783,117.9895,2020-01-24,5,"confirmed"
"Guangdong","Mainland China",23.33841,113.422,2020-01-24,21,"confirmed"
"Guangxi","Mainland China",23.82908,108.7881,2020-01-24,18,"confirmed"
"Hainan","Mainland China",19.19673,109.7455,2020-01-24,3,"confirmed"
"Hebei","Mainland China",38.0428,114.5149,2020-01-24,1,"confirmed"
"Heilongjiang","Mainland China",47.862,127.7622,2020-01-24,2,"confirmed"
"Henan","Mainland China",33.88202,113.614,2020-01-24,4,"confirmed"
"Hubei","Mainland China",30.97564,112.2707,2020-01-24,105,"confirmed"
"Hunan","Mainland China",27.61041,111.7088,2020-01-24,15,"confirmed"
"Inner Mongolia","Mainland China",44.09448,113.9456,2020-01-24,1,"confirmed"
"Jiangsu","Mainland China",32.97027,119.464,2020-01-24,4,"confirmed"
"Jiangxi","Mainland China",27.61401,115.7221,2020-01-24,11,"confirmed"
"Jilin","Mainland China",43.66657,126.1917,2020-01-24,2,"confirmed"
"Liaoning","Mainland China",41.29284,122.6086,2020-01-24,1,"confirmed"
"Ningxia","Mainland China",37.26923,106.1655,2020-01-24,1,"confirmed"
"Shaanxi","Mainland China",35.19165,108.8701,2020-01-24,2,"confirmed"
"Shandong","Mainland China",36.34377,118.1529,2020-01-24,9,"confirmed"
"Shanghai","Mainland China",31.20327,121.4554,2020-01-24,4,"confirmed"
"Sichuan","Mainland China",30.61714,102.7103,2020-01-24,7,"confirmed"
"Taiwan","Taiwan",23.6978,120.9605,2020-01-24,2,"confirmed"
"Tianjin","Mainland China",39.29362,117.333,2020-01-24,4,"confirmed"
"Yunnan","Mainland China",24.97411,101.4868,2020-01-24,3,"confirmed"
"Zhejiang","Mainland China",29.18251,120.0985,2020-01-24,16,"confirmed"
"Hebei","Mainland China",38.0428,114.5149,2020-01-24,1,"death"
"Heilongjiang","Mainland China",47.862,127.7622,2020-01-24,1,"death"
"Hubei","Mainland China",30.97564,112.2707,2020-01-24,24,"death"
"Beijing","Mainland China",40.18238,116.4142,2020-01-24,1,"recovered"
"Hubei","Mainland China",30.97564,112.2707,2020-01-24,3,"recovered"
"Shanghai","Mainland China",31.20327,121.4554,2020-01-24,1,"recovered"
"Zhejiang","Mainland China",29.18251,120.0985,2020-01-24,1,"recovered"
"","France",46.2276,2.2137,2020-01-25,1,"confirmed"
"","Malaysia",4.2105,101.9758,2020-01-25,3,"confirmed"
"","Nepal",28.3949,84.124,2020-01-25,1,"confirmed"
"","Thailand",13.7563,100.5018,2020-01-25,2,"confirmed"
"Anhui","Mainland China",31.82571,117.2264,2020-01-25,45,"confirmed"
"Beijing","Mainland China",40.18238,116.4142,2020-01-25,15,"confirmed"
"Chongqing","Mainland China",30.05718,107.874,2020-01-25,48,"confirmed"
"Fujian","Mainland China",26.07783,117.9895,2020-01-25,8,"confirmed"
"Gansu","Mainland China",36.0611,103.8343,2020-01-25,5,"confirmed"
"Guangdong","Mainland China",23.33841,113.422,2020-01-25,45,"confirmed"
"Guangxi","Mainland China",23.82908,108.7881,2020-01-25,10,"confirmed"
"Guizhou","Mainland China",26.81536,106.8748,2020-01-25,2,"confirmed"
"Hainan","Mainland China",19.19673,109.7455,2020-01-25,11,"confirmed"
"Hebei","Mainland China",38.0428,114.5149,2020-01-25,11,"confirmed"
"Heilongjiang","Mainland China",47.862,127.7622,2020-01-25,11,"confirmed"
"Henan","Mainland China",33.88202,113.614,2020-01-25,74,"confirmed"
"Hong Kong","Hong Kong",22.3193,114.1694,2020-01-25,3,"confirmed"
"Hubei","Mainland China",30.97564,112.2707,2020-01-25,503,"confirmed"
"Hunan","Mainland China",27.61041,111.7088,2020-01-25,45,"confirmed"
"Inner Mongolia","Mainland China",44.09448,113.9456,2020-01-25,6,"confirmed"
"Jiangsu","Mainland China",32.97027,119.464,2020-01-25,22,"confirmed"
"Jiangxi","Mainland China",27.61401,115.7221,2020-01-25,18,"confirmed"
"Jilin","Mainland China",43.66657,126.1917,2020-01-25,1,"confirmed"
"Liaoning","Mainland China",41.29284,122.6086,2020-01-25,15,"confirmed"
"Ningxia","Mainland China",37.26923,106.1655,2020-01-25,2,"confirmed"
"Qinghai","Mainland China",35.65945,96.02564,2020-01-25,1,"confirmed"
"Shaanxi","Mainland China",35.19165,108.8701,2020-01-25,10,"confirmed"
"Shandong","Mainland China",36.34377,118.1529,2020-01-25,24,"confirmed"
"Shanghai","Mainland China",31.20327,121.4554,2020-01-25,20,"confirmed"
"Shanxi","Mainland China",37.57769,112.2922,2020-01-25,8,"confirmed"
"Sichuan","Mainland China",30.61714,102.7103,2020-01-25,29,"confirmed"
"Tianjin","Mainland China",39.29362,117.333,2020-01-25,5,"confirmed"
"Xinjiang","Mainland China",41.11981,85.17822,2020-01-25,2,"confirmed"
"Yunnan","Mainland China",24.97411,101.4868,2020-01-25,6,"confirmed"
"Zhejiang","Mainland China",29.18251,120.0985,2020-01-25,61,"confirmed"
"Hubei","Mainland China",30.97564,112.2707,2020-01-25,28,"death"
"Shanghai","Mainland China",31.20327,121.4554,2020-01-25,1,"death"
"Beijing","Mainland China",40.18238,116.4142,2020-01-25,1,"recovered"
"Hubei","Mainland China",30.97564,112.2707,2020-01-25,11,"recovered"
"Jiangsu","Mainland China",32.97027,119.464,2020-01-25,1,"recovered"
"","Japan",35.6762,139.6503,2020-01-26,2,"confirmed"
"","Malaysia",4.2105,101.9758,2020-01-26,1,"confirmed"
"","Singapore",1.3521,103.8198,2020-01-26,1,"confirmed"
"","South Korea",37.5665,126.978,2020-01-26,1,"confirmed"
"","Thailand",13.7563,100.5018,2020-01-26,1,"confirmed"
"Anhui","Mainland China",31.82571,117.2264,2020-01-26,10,"confirmed"
"Beijing","Mainland China",40.18238,116.4142,2020-01-26,17,"confirmed"
"Chongqing","Mainland China",30.05718,107.874,2020-01-26,35,"confirmed"
"Fujian","Mainland China",26.07783,117.9895,2020-01-26,17,"confirmed"
"Gansu","Mainland China",36.0611,103.8343,2020-01-26,7,"confirmed"
"Guangdong","Mainland China",23.33841,113.422,2020-01-26,48,"confirmed"
"Guangxi","Mainland China",23.82908,108.7881,2020-01-26,13,"confirmed"
"Guizhou","Mainland China",26.81536,106.8748,2020-01-26,2,"confirmed"
"Hainan","Mainland China",19.19673,109.7455,2020-01-26,3,"confirmed"
"Hebei","Mainland China",38.0428,114.5149,2020-01-26,5,"confirmed"
"Heilongjiang","Mainland China",47.862,127.7622,2020-01-26,6,"confirmed"
"Henan","Mainland China",33.88202,113.614,2020-01-26,45,"confirmed"
"Hong Kong","Hong Kong",22.3193,114.1694,2020-01-26,3,"confirmed"
"Hubei","Mainland China",30.97564,112.2707,2020-01-26,371,"confirmed"
"Hunan","Mainland China",27.61041,111.7088,2020-01-26,31,"confirmed"
"Inner Mongolia","Mainland China",44.09448,113.9456,2020-01-26,4,"confirmed"
"Jiangsu","Mainland China",32.97027,119.464,2020-01-26,16,"confirmed"
"Jiangxi","Mainland China",27.61401,115.7221,2020-01-26,12,"confirmed"
"Jilin","Mainland China",43.66657,126.1917,2020-01-26,2,"confirmed"
"Liaoning","Mainland China",41.29284,122.6086,2020-01-26,4,"confirmed"
"Los Angeles, CA","US",34.0522,-118.2437,2020-01-26,1,"confirmed"
"Macau","Macau",22.1987,113.5439,2020-01-26,4,"confirmed"
"New South Wales","Australia",-33.8688,151.2093,2020-01-26,3,"confirmed"
"Orange, CA","US",33.7879,-117.8531,2020-01-26,1,"confirmed"
"Qinghai","Mainland China",35.65945,96.02564,2020-01-26,3,"confirmed"
"Shaanxi","Mainland China",35.19165,108.8701,2020-01-26,7,"confirmed"
"Shandong","Mainland China",36.34377,118.1529,2020-01-26,24,"confirmed"
"Shanghai","Mainland China",31.20327,121.4554,2020-01-26,13,"confirmed"
"Shanxi","Mainland China",37.57769,112.2922,2020-01-26,4,"confirmed"
"Sichuan","Mainland China",30.61714,102.7103,2020-01-26,25,"confirmed"
"Taiwan","Taiwan",23.6978,120.9605,2020-01-26,1,"confirmed"
"Tempe, AZ","US",34.0489,-111.094,2020-01-26,1,"confirmed"
"Tianjin","Mainland China",39.29362,117.333,2020-01-26,1,"confirmed"
"Toronto, ON","Canada",43.6532,-79.3832,2020-01-26,1,"confirmed"
"Victoria","Australia",-37.8136,144.9631,2020-01-26,1,"confirmed"
"Xinjiang","Mainland China",41.11981,85.17822,2020-01-26,1,"confirmed"
"Yunnan","Mainland China",24.97411,101.4868,2020-01-26,8,"confirmed"
"Zhejiang","Mainland China",29.18251,120.0985,2020-01-26,24,"confirmed"
"Henan","Mainland China",33.88202,113.614,2020-01-26,1,"death"
"Hubei","Mainland China",30.97564,112.2707,2020-01-26,24,"death"
"","Japan",35.6762,139.6503,2020-01-26,1,"recovered"
"","Thailand",13.7563,100.5018,2020-01-26,2,"recovered"
"Hubei","Mainland China",30.97564,112.2707,2020-01-26,2,"recovered"
"","Cambodia",12.5657,104.991,2020-01-27,1,"confirmed"
"","Germany",51.1657,10.4515,2020-01-27,1,"confirmed"
"","Singapore",1.3521,103.8198,2020-01-27,1,"confirmed"
"","South Korea",37.5665,126.978,2020-01-27,1,"confirmed"
"","Sri Lanka",7.8731,80.7718,2020-01-27,1,"confirmed"
"Anhui","Mainland China",31.82571,117.2264,2020-01-27,36,"confirmed"
"Beijing","Mainland China",40.18238,116.4142,2020-01-27,12,"confirmed"
"Chongqing","Mainland China",30.05718,107.874,2020-01-27,22,"confirmed"
"Fujian","Mainland China",26.07783,117.9895,2020-01-27,24,"confirmed"
"Gansu","Mainland China",36.0611,103.8343,2020-01-27,5,"confirmed"
"Guangdong","Mainland China",23.33841,113.422,2020-01-27,5,"confirmed"
"Guangxi","Mainland China",23.82908,108.7881,2020-01-27,5,"confirmed"
"Guizhou","Mainland China",26.81536,106.8748,2020-01-27,2,"confirmed"
"Hainan","Mainland China",19.19673,109.7455,2020-01-27,11,"confirmed"
"Hebei","Mainland China",38.0428,114.5149,2020-01-27,15,"confirmed"
"Heilongjiang","Mainland China",47.862,127.7622,2020-01-27,9,"confirmed"
"Henan","Mainland China",33.88202,113.614,2020-01-27,40,"confirmed"
"Hubei","Mainland China",30.97564,112.2707,2020-01-27,1291,"confirmed"
"Jiangsu","Mainland China",32.97027,119.464,2020-01-27,23,"confirmed"
"Jiangxi","Mainland China",27.61401,115.7221,2020-01-27,24,"confirmed"
"Liaoning","Mainland China",41.29284,122.6086,2020-01-27,4,"confirmed"
"New South Wales","Australia",-33.8688,151.2093,2020-01-27,1,"confirmed"
"Ningxia","Mainland China",37.26923,106.1655,2020-01-27,3,"confirmed"
"Qinghai","Mainland China",35.65945,96.02564,2020-01-27,2,"confirmed"
"Shaanxi","Mainland China",35.19165,108.8701,2020-01-27,13,"confirmed"
"Shandong","Mainland China",36.34377,118.1529,2020-01-27,24,"confirmed"
"Shanghai","Mainland China",31.20327,121.4554,2020-01-27,13,"confirmed"
"Shanxi","Mainland China",37.57769,112.2922,2020-01-27,7,"confirmed"
"Sichuan","Mainland China",30.61714,102.7103,2020-01-27,21,"confirmed"
"Taiwan","Taiwan",23.6978,120.9605,2020-01-27,1,"confirmed"
"Tianjin","Mainland China",39.29362,117.333,2020-01-27,9,"confirmed"
"Yunnan","Mainland China",24.97411,101.4868,2020-01-27,7,"confirmed"
"Zhejiang","Mainland China",29.18251,120.0985,2020-01-27,45,"confirmed"
"Beijing","Mainland China",40.18238,116.4142,2020-01-27,1,"death"
"Hainan","Mainland China",19.19673,109.7455,2020-01-27,1,"death"
"Hubei","Mainland China",30.97564,112.2707,2020-01-27,24,"death"
"Guangdong","Mainland China",23.33841,113.422,2020-01-27,2,"recovered"
"Hubei","Mainland China",30.97564,112.2707,2020-01-27,3,"recovered"
"Jiangxi","Mainland China",27.61401,115.7221,2020-01-27,2,"recovered"
"Shanghai","Mainland China",31.20327,121.4554,2020-01-27,2,"recovered"
"","France",46.2276,2.2137,2020-01-28,1,"confirmed"
"","Germany",51.1657,10.4515,2020-01-28,3,"confirmed"
"","Japan",35.6762,139.6503,2020-01-28,3,"confirmed"
"","Malaysia",4.2105,101.9758,2020-01-28,3,"confirmed"
"","Singapore",1.3521,103.8198,2020-01-28,2,"confirmed"
"","Thailand",13.7563,100.5018,2020-01-28,6,"confirmed"
"Anhui","Mainland China",31.82571,117.2264,2020-01-28,46,"confirmed"
"Beijing","Mainland China",40.18238,116.4142,2020-01-28,11,"confirmed"
"British Columbia","Canada",49.2827,-123.121,2020-01-28,1,"confirmed"
"Chongqing","Mainland China",30.05718,107.874,2020-01-28,15,"confirmed"
"Fujian","Mainland China",26.07783,117.9895,2020-01-28,23,"confirmed"
"Gansu","Mainland China",36.0611,103.8343,2020-01-28,5,"confirmed"
"Guangdong","Mainland China",23.33841,113.422,2020-01-28,90,"confirmed"
"Guangxi","Mainland China",23.82908,108.7881,2020-01-28,7,"confirmed"
"Hainan","Mainland China",19.19673,109.7455,2020-01-28,10,"confirmed"
"Hebei","Mainland China",38.0428,114.5149,2020-01-28,15,"confirmed"
"Heilongjiang","Mainland China",47.862,127.7622,2020-01-28,7,"confirmed"
"Henan","Mainland China",33.88202,113.614,2020-01-28,38,"confirmed"
"Hubei","Mainland China",30.97564,112.2707,2020-01-28,840,"confirmed"
"Hunan","Mainland China",27.61041,111.7088,2020-01-28,121,"confirmed"
"Inner Mongolia","Mainland China",44.09448,113.9456,2020-01-28,5,"confirmed"
"Jiangsu","Mainland China",32.97027,119.464,2020-01-28,29,"confirmed"
"Jiangxi","Mainland China",27.61401,115.7221,2020-01-28,37,"confirmed"
"Jilin","Mainland China",43.66657,126.1917,2020-01-28,3,"confirmed"
"Liaoning","Mainland China",41.29284,122.6086,2020-01-28,9,"confirmed"
"Macau","Macau",22.1987,113.5439,2020-01-28,1,"confirmed"
"Ningxia","Mainland China",37.26923,106.1655,2020-01-28,5,"confirmed"
"Shaanxi","Mainland China",35.19165,108.8701,2020-01-28,21,"confirmed"
"Shandong","Mainland China",36.34377,118.1529,2020-01-28,34,"confirmed"
"Shanghai","Mainland China",31.20327,121.4554,2020-01-28,14,"confirmed"
"Shanxi","Mainland China",37.57769,112.2922,2020-01-28,7,"confirmed"
"Sichuan","Mainland China",30.61714,102.7103,2020-01-28,18,"confirmed"
"Taiwan","Taiwan",23.6978,120.9605,2020-01-28,3,"confirmed"
"Tianjin","Mainland China",39.29362,117.333,2020-01-28,2,"confirmed"
"Xinjiang","Mainland China",41.11981,85.17822,2020-01-28,8,"confirmed"
"Yunnan","Mainland China",24.97411,101.4868,2020-01-28,18,"confirmed"
"Zhejiang","Mainland China",29.18251,120.0985,2020-01-28,123,"confirmed"
"Henan","Mainland China",33.88202,113.614,2020-01-28,1,"death"
"Hubei","Mainland China",30.97564,112.2707,2020-01-28,25,"death"
"","Thailand",13.7563,100.5018,2020-01-28,3,"recovered"
"Beijing","Mainland China",40.18238,116.4142,2020-01-28,2,"recovered"
"Chongqing","Mainland China",30.05718,107.874,2020-01-28,1,"recovered"
"Guangdong","Mainland China",23.33841,113.422,2020-01-28,1,"recovered"
"Guangxi","Mainland China",23.82908,108.7881,2020-01-28,2,"recovered"
"Henan","Mainland China",33.88202,113.614,2020-01-28,1,"recovered"
"Hubei","Mainland China",30.97564,112.2707,2020-01-28,33,"recovered"
"Jiangxi","Mainland China",27.61401,115.7221,2020-01-28,1,"recovered"
"Shanghai","Mainland China",31.20327,121.4554,2020-01-28,1,"recovered"
"Zhejiang","Mainland China",29.18251,120.0985,2020-01-28,2,"recovered"
"","Finland",61.9241,25.7482,2020-01-29,1,"confirmed"
"","France",46.2276,2.2137,2020-01-29,1,"confirmed"
"","Japan",35.6762,139.6503,2020-01-29,4,"confirmed"
"","Singapore",1.3521,103.8198,2020-01-29,3,"confirmed"
"","United Arab Emirates",23.4241,53.8478,2020-01-29,4,"confirmed"
"Anhui","Mainland China",31.82571,117.2264,2020-01-29,48,"confirmed"
"Beijing","Mainland China",40.18238,116.4142,2020-01-29,20,"confirmed"
"Chongqing","Mainland China",30.05718,107.874,2020-01-29,18,"confirmed"
"Fujian","Mainland China",26.07783,117.9895,2020-01-29,19,"confirmed"
"Gansu","Mainland China",36.0611,103.8343,2020-01-29,2,"confirmed"
"Guangdong","Mainland China",23.33841,113.422,2020-01-29,70,"confirmed"
"Guangxi","Mainland China",23.82908,108.7881,2020-01-29,20,"confirmed"
"Guizhou","Mainland China",26.81536,106.8748,2020-01-29,3,"confirmed"
"Hebei","Mainland China",38.0428,114.5149,2020-01-29,17,"confirmed"
"Heilongjiang","Mainland China",47.862,127.7622,2020-01-29,6,"confirmed"
"Henan","Mainland China",33.88202,113.614,2020-01-29,72,"confirmed"
"Hong Kong","Hong Kong",22.3193,114.1694,2020-01-29,2,"confirmed"
"Hubei","Mainland China",30.97564,112.2707,2020-01-29,1032,"confirmed"
"Hunan","Mainland China",27.61041,111.7088,2020-01-29,56,"confirmed"
"Jiangsu","Mainland China",32.97027,119.464,2020-01-29,30,"confirmed"
"Jiangxi","Mainland China",27.61401,115.7221,2020-01-29,53,"confirmed"
"Jilin","Mainland China",43.66657,126.1917,2020-01-29,5,"confirmed"
"Liaoning","Mainland China",41.29284,122.6086,2020-01-29,3,"confirmed"
"Queensland","Australia",-27.4698,153.0251,2020-01-29,1,"confirmed"
"Shandong","Mainland China",36.34377,118.1529,2020-01-29,24,"confirmed"
"Shanghai","Mainland China",31.20327,121.4554,2020-01-29,21,"confirmed"
"Shanxi","Mainland China",37.57769,112.2922,2020-01-29,8,"confirmed"
"Sichuan","Mainland China",30.61714,102.7103,2020-01-29,34,"confirmed"
"Tianjin","Mainland China",39.29362,117.333,2020-01-29,2,"confirmed"
"Tibet","Mainland China",30.1534,88.7879,2020-01-29,1,"confirmed"
"Victoria","Australia",-37.8136,144.9631,2020-01-29,1,"confirmed"
"Xinjiang","Mainland China",41.11981,85.17822,2020-01-29,1,"confirmed"
"Yunnan","Mainland China",24.97411,101.4868,2020-01-29,11,"confirmed"
"Zhejiang","Mainland China",29.18251,120.0985,2020-01-29,132,"confirmed"
"Hubei","Mainland China",30.97564,112.2707,2020-01-29,37,"death"
"Sichuan","Mainland China",30.61714,102.7103,2020-01-29,1,"death"
"Anhui","Mainland China",31.82571,117.2264,2020-01-29,2,"recovered"
"Guangdong","Mainland China",23.33841,113.422,2020-01-29,1,"recovered"
"Guizhou","Mainland China",26.81536,106.8748,2020-01-29,1,"recovered"
"Henan","Mainland China",33.88202,113.614,2020-01-29,1,"recovered"
"Hubei","Mainland China",30.97564,112.2707,2020-01-29,10,"recovered"
"Jiangxi","Mainland China",27.61401,115.7221,2020-01-29,1,"recovered"
"Jilin","Mainland China",43.66657,126.1917,2020-01-29,1,"recovered"
"Liaoning","Mainland China",41.29284,122.6086,2020-01-29,1,"recovered"
"Shandong","Mainland China",36.34377,118.1529,2020-01-29,1,"recovered"
"Shanghai","Mainland China",31.20327,121.4554,2020-01-29,1,"recovered"
"Shanxi","Mainland China",37.57769,112.2922,2020-01-29,1,"recovered"
"Sichuan","Mainland China",30.61714,102.7103,2020-01-29,1,"recovered"
"Zhejiang","Mainland China",29.18251,120.0985,2020-01-29,1,"recovered"
"","India",20.5937,78.9629,2020-01-30,1,"confirmed"
"","Malaysia",4.2105,101.9758,2020-01-30,1,"confirmed"
"","Philippines",12.8797,121.774,2020-01-30,1,"confirmed"
"Beijing","Mainland China",40.18238,116.4142,2020-01-30,3,"confirmed"
"Chongqing","Mainland China",30.05718,107.874,2020-01-30,17,"confirmed"
"Guangdong","Mainland China",23.33841,113.422,2020-01-30,43,"confirmed"
"Hainan","Mainland China",19.19673,109.7455,2020-01-30,3,"confirmed"
"Heilongjiang","Mainland China",47.862,127.7622,2020-01-30,1,"confirmed"
"Hubei","Mainland China",30.97564,112.2707,2020-01-30,317,"confirmed"
"Inner Mongolia","Mainland China",44.09448,113.9456,2020-01-30,3,"confirmed"
"Liaoning","Mainland China",41.29284,122.6086,2020-01-30,2,"confirmed"
"Ningxia","Mainland China",37.26923,106.1655,2020-01-30,5,"confirmed"
"Qinghai","Mainland China",35.65945,96.02564,2020-01-30,2,"confirmed"
"Queensland","Australia",-27.4698,153.0251,2020-01-30,1,"confirmed"
"Shaanxi","Mainland China",35.19165,108.8701,2020-01-30,7,"confirmed"
"Shandong","Mainland China",36.34377,118.1529,2020-01-30,13,"confirmed"
"Shanghai","Mainland China",31.20327,121.4554,2020-01-30,11,"confirmed"
"Taiwan","Taiwan",23.6978,120.9605,2020-01-30,1,"confirmed"
"Tianjin","Mainland China",39.29362,117.333,2020-01-30,4,"confirmed"
"Victoria","Australia",-37.8136,144.9631,2020-01-30,1,"confirmed"
"Yunnan","Mainland China",24.97411,101.4868,2020-01-30,15,"confirmed"
"Heilongjiang","Mainland China",47.862,127.7622,2020-01-30,1,"death"
"Guangdong","Mainland China",23.33841,113.422,2020-01-30,4,"recovered"
"Hainan","Mainland China",19.19673,109.7455,2020-01-30,1,"recovered"
"Hunan","Mainland China",27.61041,111.7088,2020-01-30,2,"recovered"
"Jiangxi","Mainland China",27.61401,115.7221,2020-01-30,1,"recovered"
"","Germany",51.1657,10.4515,2020-01-31,1,"confirmed"
"","Italy",41.8719,12.5674,2020-01-31,2,"confirmed"
"","Japan",35.6762,139.6503,2020-01-31,4,"confirmed"
"","Russia",61.524,105.3188,2020-01-31,2,"confirmed"
"","Singapore",1.3521,103.8198,2020-01-31,3,"confirmed"
"","South Korea",37.5665,126.978,2020-01-31,7,"confirmed"
"","Sweden",60.1282,18.6435,2020-01-31,1,"confirmed"
"","Thailand",13.7563,100.5018,2020-01-31,5,"confirmed"
"","UK",55.3781,-3.436,2020-01-31,2,"confirmed"
"Anhui","Mainland China",31.82571,117.2264,2020-01-31,37,"confirmed"
"Beijing","Mainland China",40.18238,116.4142,2020-01-31,25,"confirmed"
"Chicago, IL","US",40.6331,-89.3985,2020-01-31,1,"confirmed"
"Chongqing","Mainland China",30.05718,107.874,2020-01-31,29,"confirmed"
"Fujian","Mainland China",26.07783,117.9895,2020-01-31,19,"confirmed"
"Gansu","Mainland China",36.0611,103.8343,2020-01-31,3,"confirmed"
"Guangdong","Mainland China",23.33841,113.422,2020-01-31,82,"confirmed"
"Guangxi","Mainland China",23.82908,108.7881,2020-01-31,9,"confirmed"
"Guizhou","Mainland China",26.81536,106.8748,2020-01-31,17,"confirmed"
"Hainan","Mainland China",19.19673,109.7455,2020-01-31,6,"confirmed"
"Hebei","Mainland China",38.0428,114.5149,2020-01-31,17,"confirmed"
"Heilongjiang","Mainland China",47.862,127.7622,2020-01-31,15,"confirmed"
"Henan","Mainland China",33.88202,113.614,2020-01-31,74,"confirmed"
"Hong Kong","Hong Kong",22.3193,114.1694,2020-01-31,2,"confirmed"
"Hubei","Mainland China",30.97564,112.2707,2020-01-31,903,"confirmed"
"Hunan","Mainland China",27.61041,111.7088,2020-01-31,55,"confirmed"
"Inner Mongolia","Mainland China",44.09448,113.9456,2020-01-31,1,"confirmed"
"Jiangsu","Mainland China",32.97027,119.464,2020-01-31,39,"confirmed"
"Jiangxi","Mainland China",27.61401,115.7221,2020-01-31,78,"confirmed"
"Liaoning","Mainland China",41.29284,122.6086,2020-01-31,7,"confirmed"
"London, ON","Canada",42.9849,-81.2453,2020-01-31,1,"confirmed"
"Ningxia","Mainland China",37.26923,106.1655,2020-01-31,4,"confirmed"
"Santa Clara, CA","US",37.3541,-121.9552,2020-01-31,1,"confirmed"
"Shaanxi","Mainland China",35.19165,108.8701,2020-01-31,24,"confirmed"
"Shandong","Mainland China",36.34377,118.1529,2020-01-31,26,"confirmed"
"Shanghai","Mainland China",31.20327,121.4554,2020-01-31,23,"confirmed"
"Shanxi","Mainland China",37.57769,112.2922,2020-01-31,4,"confirmed"
"Sichuan","Mainland China",30.61714,102.7103,2020-01-31,35,"confirmed"
"Taiwan","Taiwan",23.6978,120.9605,2020-01-31,1,"confirmed"
"Tianjin","Mainland China",39.29362,117.333,2020-01-31,1,"confirmed"
"Toronto, ON","Canada",43.6532,-79.3832,2020-01-31,1,"confirmed"
"Xinjiang","Mainland China",41.11981,85.17822,2020-01-31,3,"confirmed"
"Yunnan","Mainland China",24.97411,101.4868,2020-01-31,13,"confirmed"
"Zhejiang","Mainland China",29.18251,120.0985,2020-01-31,110,"confirmed"
"Hubei","Mainland China",30.97564,112.2707,2020-01-31,42,"death"
"Anhui","Mainland China",31.82571,117.2264,2020-01-31,1,"recovered"
"Beijing","Mainland China",40.18238,116.4142,2020-01-31,1,"recovered"
"Guangdong","Mainland China",23.33841,113.422,2020-01-31,1,"recovered"
"Guizhou","Mainland China",26.81536,106.8748,2020-01-31,1,"recovered"
"Henan","Mainland China",33.88202,113.614,2020-01-31,1,"recovered"
"Hubei","Mainland China",30.97564,112.2707,2020-01-31,51,"recovered"
"Inner Mongolia","Mainland China",44.09448,113.9456,2020-01-31,1,"recovered"
"Jiangsu","Mainland China",32.97027,119.464,2020-01-31,4,"recovered"
"Jiangxi","Mainland China",27.61401,115.7221,2020-01-31,2,"recovered"
"Shandong","Mainland China",36.34377,118.1529,2020-01-31,1,"recovered"
"Shanghai","Mainland China",31.20327,121.4554,2020-01-31,4,"recovered"
"Yunnan","Mainland China",24.97411,101.4868,2020-01-31,1,"recovered"
"Zhejiang","Mainland China",29.18251,120.0985,2020-01-31,10,"recovered"
"","France",46.2276,2.2137,2020-02-01,1,"confirmed"
"","Germany",51.1657,10.4515,2020-02-01,2,"confirmed"
"","Japan",35.6762,139.6503,2020-02-01,2,"confirmed"
"","Singapore",1.3521,103.8198,2020-02-01,5,"confirmed"
"","South Korea",37.5665,126.978,2020-02-01,1,"confirmed"
"","Spain",40.4637,-3.7492,2020-02-01,1,"confirmed"
"","Vietnam",21.0278,105.8342,2020-02-01,4,"confirmed"
"Anhui","Mainland China",31.82571,117.2264,2020-02-01,60,"confirmed"
"Beijing","Mainland China",40.18238,116.4142,2020-02-01,29,"confirmed"
"Chongqing","Mainland China",30.05718,107.874,2020-02-01,36,"confirmed"
"Fujian","Mainland China",26.07783,117.9895,2020-02-01,24,"confirmed"
"Gansu","Mainland China",36.0611,103.8343,2020-02-01,6,"confirmed"
"Guangdong","Mainland China",23.33841,113.422,2020-02-01,99,"confirmed"
"Guangxi","Mainland China",23.82908,108.7881,2020-02-01,13,"confirmed"
"Hainan","Mainland China",19.19673,109.7455,2020-02-01,10,"confirmed"
"Hebei","Mainland China",38.0428,114.5149,2020-02-01,14,"confirmed"
"Heilongjiang","Mainland China",47.862,127.7622,2020-02-01,21,"confirmed"
"Henan","Mainland China",33.88202,113.614,2020-02-01,70,"confirmed"
"Hong Kong","Hong Kong",22.3193,114.1694,2020-02-01,1,"confirmed"
"Hubei","Mainland China",30.97564,112.2707,2020-02-01,1347,"confirmed"
"Hunan","Mainland China",27.61041,111.7088,2020-02-01,57,"confirmed"
"Inner Mongolia","Mainland China",44.09448,113.9456,2020-02-01,3,"confirmed"
"Jiangsu","Mainland China",32.97027,119.464,2020-02-01,34,"confirmed"
"Jiangxi","Mainland China",27.61401,115.7221,2020-02-01,46,"confirmed"
"Jilin","Mainland China",43.66657,126.1917,2020-02-01,3,"confirmed"
"Liaoning","Mainland China",41.29284,122.6086,2020-02-01,15,"confirmed"
"Ningxia","Mainland China",37.26923,106.1655,2020-02-01,5,"confirmed"
"Qinghai","Mainland China",35.65945,96.02564,2020-02-01,1,"confirmed"
"Shaanxi","Mainland China",35.19165,108.8701,2020-02-01,14,"confirmed"
"Shandong","Mainland China",36.34377,118.1529,2020-02-01,22,"confirmed"
"Shanghai","Mainland China",31.20327,121.4554,2020-02-01,34,"confirmed"
"Shanxi","Mainland China",37.57769,112.2922,2020-02-01,8,"confirmed"
"Sichuan","Mainland China",30.61714,102.7103,2020-02-01,30,"confirmed"
"South Australia","Australia",-34.9285,138.6007,2020-02-01,2,"confirmed"
"Tianjin","Mainland China",39.29362,117.333,2020-02-01,6,"confirmed"
"Victoria","Australia",-37.8136,144.9631,2020-02-01,1,"confirmed"
"Xinjiang","Mainland China",41.11981,85.17822,2020-02-01,1,"confirmed"
"Yunnan","Mainland China",24.97411,101.4868,2020-02-01,8,"confirmed"
"Zhejiang","Mainland China",29.18251,120.0985,2020-02-01,61,"confirmed"
"Chongqing","Mainland China",30.05718,107.874,2020-02-01,1,"death"
"Hubei","Mainland China",30.97564,112.2707,2020-02-01,45,"death"
"","Vietnam",21.0278,105.8342,2020-02-01,1,"recovered"
"Anhui","Mainland China",31.82571,117.2264,2020-02-01,2,"recovered"
"Beijing","Mainland China",40.18238,116.4142,2020-02-01,4,"recovered"
"Chongqing","Mainland China",30.05718,107.874,2020-02-01,2,"recovered"
"Guangdong","Mainland China",23.33841,113.422,2020-02-01,3,"recovered"
"Heilongjiang","Mainland China",47.862,127.7622,2020-02-01,2,"recovered"
"Hubei","Mainland China",30.97564,112.2707,2020-02-01,27,"recovered"
"Hunan","Mainland China",27.61041,111.7088,2020-02-01,6,"recovered"
"Jiangsu","Mainland China",32.97027,119.464,2020-02-01,1,"recovered"
"Jiangxi","Mainland China",27.61401,115.7221,2020-02-01,2,"recovered"
"New South Wales","Australia",-33.8688,151.2093,2020-02-01,2,"recovered"
"Shandong","Mainland China",36.34377,118.1529,2020-02-01,1,"recovered"
"Shanghai","Mainland China",31.20327,121.4554,2020-02-01,1,"recovered"
"Sichuan","Mainland China",30.61714,102.7103,2020-02-01,2,"recovered"
"Yunnan","Mainland China",24.97411,101.4868,2020-02-01,1,"recovered"
"Zhejiang","Mainland China",29.18251,120.0985,2020-02-01,7,"recovered"
"","Germany",51.1657,10.4515,2020-02-02,3,"confirmed"
"","India",20.5937,78.9629,2020-02-02,1,"confirmed"
"","Japan",35.6762,139.6503,2020-02-02,3,"confirmed"
"","Philippines",12.8797,121.774,2020-02-02,1,"confirmed"
"","South Korea",37.5665,126.978,2020-02-02,3,"confirmed"
"","United Arab Emirates",23.4241,53.8478,2020-02-02,1,"confirmed"
"Anhui","Mainland China",31.82571,117.2264,2020-02-02,111,"confirmed"
"Beijing","Mainland China",40.18238,116.4142,2020-02-02,23,"confirmed"
"Boston, MA","US",42.3601,-71.0589,2020-02-02,1,"confirmed"
"Chongqing","Mainland China",30.05718,107.874,2020-02-02,53,"confirmed"
"Fujian","Mainland China",26.07783,117.9895,2020-02-02,15,"confirmed"
"Gansu","Mainland China",36.0611,103.8343,2020-02-02,16,"confirmed"
"Guangdong","Mainland China",23.33841,113.422,2020-02-02,148,"confirmed"
"Guangxi","Mainland China",23.82908,108.7881,2020-02-02,27,"confirmed"
"Guizhou","Mainland China",26.81536,106.8748,2020-02-02,17,"confirmed"
"Hainan","Mainland China",19.19673,109.7455,2020-02-02,9,"confirmed"
"Hebei","Mainland China",38.0428,114.5149,2020-02-02,17,"confirmed"
"Heilongjiang","Mainland China",47.862,127.7622,2020-02-02,15,"confirmed"
"Henan","Mainland China",33.88202,113.614,2020-02-02,144,"confirmed"
"Hong Kong","Hong Kong",22.3193,114.1694,2020-02-02,2,"confirmed"
"Hubei","Mainland China",30.97564,112.2707,2020-02-02,4024,"confirmed"
"Hunan","Mainland China",27.61041,111.7088,2020-02-02,132,"confirmed"
"Inner Mongolia","Mainland China",44.09448,113.9456,2020-02-02,4,"confirmed"
"Jiangsu","Mainland China",32.97027,119.464,2020-02-02,69,"confirmed"
"Jiangxi","Mainland China",27.61401,115.7221,2020-02-02,105,"confirmed"
"Jilin","Mainland China",43.66657,126.1917,2020-02-02,14,"confirmed"
"Liaoning","Mainland China",41.29284,122.6086,2020-02-02,7,"confirmed"
"Macau","Macau",22.1987,113.5439,2020-02-02,1,"confirmed"
"Ningxia","Mainland China",37.26923,106.1655,2020-02-02,2,"confirmed"
"Qinghai","Mainland China",35.65945,96.02564,2020-02-02,2,"confirmed"
"Shaanxi","Mainland China",35.19165,108.8701,2020-02-02,15,"confirmed"
"Shandong","Mainland China",36.34377,118.1529,2020-02-02,40,"confirmed"
"Shanghai","Mainland China",31.20327,121.4554,2020-02-02,24,"confirmed"
"Shanxi","Mainland China",37.57769,112.2922,2020-02-02,19,"confirmed"
"Sichuan","Mainland China",30.61714,102.7103,2020-02-02,47,"confirmed"
"Tianjin","Mainland China",39.29362,117.333,2020-02-02,10,"confirmed"
"Xinjiang","Mainland China",41.11981,85.17822,2020-02-02,6,"confirmed"
"Yunnan","Mainland China",24.97411,101.4868,2020-02-02,14,"confirmed"
"Zhejiang","Mainland China",29.18251,120.0985,2020-02-02,125,"confirmed"
"","Philippines",12.8797,121.774,2020-02-02,1,"death"
"Chongqing","Mainland China",30.05718,107.874,2020-02-02,1,"death"
"Hubei","Mainland China",30.97564,112.2707,2020-02-02,101,"death"
"Anhui","Mainland China",31.82571,117.2264,2020-02-02,2,"recovered"
"Chongqing","Mainland China",30.05718,107.874,2020-02-02,4,"recovered"
"Gansu","Mainland China",36.0611,103.8343,2020-02-02,3,"recovered"
"Guangdong","Mainland China",23.33841,113.422,2020-02-02,1,"recovered"
"Hainan","Mainland China",19.19673,109.7455,2020-02-02,3,"recovered"
"Hebei","Mainland China",38.0428,114.5149,2020-02-02,3,"recovered"
"Henan","Mainland China",33.88202,113.614,2020-02-02,11,"recovered"
"Hubei","Mainland China",30.97564,112.2707,2020-02-02,127,"recovered"
"Hunan","Mainland China",27.61041,111.7088,2020-02-02,8,"recovered"
"Jiangsu","Mainland China",32.97027,119.464,2020-02-02,1,"recovered"
"Jiangxi","Mainland China",27.61401,115.7221,2020-02-02,9,"recovered"
"Shandong","Mainland China",36.34377,118.1529,2020-02-02,3,"recovered"
"Shanxi","Mainland China",37.57769,112.2922,2020-02-02,2,"recovered"
"Sichuan","Mainland China",30.61714,102.7103,2020-02-02,9,"recovered"
"Tianjin","Mainland China",39.29362,117.333,2020-02-02,1,"recovered"
"Yunnan","Mainland China",24.97411,101.4868,2020-02-02,1,"recovered"
"Zhejiang","Mainland China",29.18251,120.0985,2020-02-02,15,"recovered"
"","Vietnam",21.0278,105.8342,2020-02-03,2,"confirmed"
"Anhui","Mainland China",31.82571,117.2264,2020-02-03,72,"confirmed"
"Beijing","Mainland China",40.18238,116.4142,2020-02-03,21,"confirmed"
"Chongqing","Mainland China",30.05718,107.874,2020-02-03,37,"confirmed"
"Fujian","Mainland China",26.07783,117.9895,2020-02-03,20,"confirmed"
"Gansu","Mainland China",36.0611,103.8343,2020-02-03,4,"confirmed"
"Guangdong","Mainland China",23.33841,113.422,2020-02-03,42,"confirmed"
"Guangxi","Mainland China",23.82908,108.7881,2020-02-03,12,"confirmed"
"Guizhou","Mainland China",26.81536,106.8748,2020-02-03,10,"confirmed"
"Hainan","Mainland China",19.19673,109.7455,2020-02-03,8,"confirmed"
"Hebei","Mainland China",38.0428,114.5149,2020-02-03,13,"confirmed"
"Heilongjiang","Mainland China",47.862,127.7622,2020-02-03,60,"confirmed"
"Henan","Mainland China",33.88202,113.614,2020-02-03,109,"confirmed"
"Hubei","Mainland China",30.97564,112.2707,2020-02-03,2345,"confirmed"
"Inner Mongolia","Mainland China",44.09448,113.9456,2020-02-03,7,"confirmed"
"Jiangsu","Mainland China",32.97027,119.464,2020-02-03,37,"confirmed"
"Jilin","Mainland China",43.66657,126.1917,2020-02-03,11,"confirmed"
"Liaoning","Mainland China",41.29284,122.6086,2020-02-03,4,"confirmed"
"Ningxia","Mainland China",37.26923,106.1655,2020-02-03,3,"confirmed"
"Qinghai","Mainland China",35.65945,96.02564,2020-02-03,2,"confirmed"
"San Benito, CA","US",36.5761,-120.9876,2020-02-03,2,"confirmed"
"Shaanxi","Mainland China",35.19165,108.8701,2020-02-03,12,"confirmed"
"Shandong","Mainland China",36.34377,118.1529,2020-02-03,24,"confirmed"
"Shanghai","Mainland China",31.20327,121.4554,2020-02-03,15,"confirmed"
"Shanxi","Mainland China",37.57769,112.2922,2020-02-03,8,"confirmed"
"Tianjin","Mainland China",39.29362,117.333,2020-02-03,12,"confirmed"
"Yunnan","Mainland China",24.97411,101.4868,2020-02-03,12,"confirmed"
"Hubei","Mainland China",30.97564,112.2707,2020-02-03,64,"death"
"Anhui","Mainland China",31.82571,117.2264,2020-02-03,7,"recovered"
"Beijing","Mainland China",40.18238,116.4142,2020-02-03,3,"recovered"
"Chongqing","Mainland China",30.05718,107.874,2020-02-03,2,"recovered"
"Fujian","Mainland China",26.07783,117.9895,2020-02-03,1,"recovered"
"Guangdong","Mainland China",23.33841,113.422,2020-02-03,6,"recovered"
"Guangxi","Mainland China",23.82908,108.7881,2020-02-03,5,"recovered"
"Hubei","Mainland China",30.97564,112.2707,2020-02-03,91,"recovered"
"Hunan","Mainland China",27.61041,111.7088,2020-02-03,6,"recovered"
"Jiangsu","Mainland China",32.97027,119.464,2020-02-03,1,"recovered"
"Ningxia","Mainland China",37.26923,106.1655,2020-02-03,1,"recovered"
"Shandong","Mainland China",36.34377,118.1529,2020-02-03,1,"recovered"
"Shanxi","Mainland China",37.57769,112.2922,2020-02-03,-1,"recovered"
"Sichuan","Mainland China",30.61714,102.7103,2020-02-03,2,"recovered"
"Yunnan","Mainland China",24.97411,101.4868,2020-02-03,2,"recovered"
"Zhejiang","Mainland China",29.18251,120.0985,2020-02-03,7,"recovered"
"","Belgium",50.5039,4.4699,2020-02-04,1,"confirmed"
"","Germany",51.1657,10.4515,2020-02-04,2,"confirmed"
"","India",20.5937,78.9629,2020-02-04,1,"confirmed"
"","Japan",35.6762,139.6503,2020-02-04,2,"confirmed"
"","Malaysia",4.2105,101.9758,2020-02-04,2,"confirmed"
"","Singapore",1.3521,103.8198,2020-02-04,6,"confirmed"
"","South Korea",37.5665,126.978,2020-02-04,1,"confirmed"
"","Thailand",13.7563,100.5018,2020-02-04,6,"confirmed"
"Anhui","Mainland China",31.82571,117.2264,2020-02-04,50,"confirmed"
"Beijing","Mainland China",40.18238,116.4142,2020-02-04,16,"confirmed"
"Chongqing","Mainland China",30.05718,107.874,2020-02-04,29,"confirmed"
"Fujian","Mainland China",26.07783,117.9895,2020-02-04,15,"confirmed"
"Gansu","Mainland China",36.0611,103.8343,2020-02-04,2,"confirmed"
"Guangdong","Mainland China",23.33841,113.422,2020-02-04,145,"confirmed"
"Guangxi","Mainland China",23.82908,108.7881,2020-02-04,11,"confirmed"
"Guizhou","Mainland China",26.81536,106.8748,2020-02-04,8,"confirmed"
"Hainan","Mainland China",19.19673,109.7455,2020-02-04,12,"confirmed"
"Hebei","Mainland China",38.0428,114.5149,2020-02-04,9,"confirmed"
"Heilongjiang","Mainland China",47.862,127.7622,2020-02-04,35,"confirmed"
"Henan","Mainland China",33.88202,113.614,2020-02-04,89,"confirmed"
"Hong Kong","Hong Kong",22.3193,114.1694,2020-02-04,3,"confirmed"
"Hubei","Mainland China",30.97564,112.2707,2020-02-04,3156,"confirmed"
"Hunan","Mainland China",27.61041,111.7088,2020-02-04,140,"confirmed"
"Inner Mongolia","Mainland China",44.09448,113.9456,2020-02-04,8,"confirmed"
"Jiangsu","Mainland China",32.97027,119.464,2020-02-04,33,"confirmed"
"Jiangxi","Mainland China",27.61401,115.7221,2020-02-04,157,"confirmed"
"Jilin","Mainland China",43.66657,126.1917,2020-02-04,12,"confirmed"
"Liaoning","Mainland China",41.29284,122.6086,2020-02-04,7,"confirmed"
"Macau","Macau",22.1987,113.5439,2020-02-04,2,"confirmed"
"Ningxia","Mainland China",37.26923,106.1655,2020-02-04,3,"confirmed"
"Qinghai","Mainland China",35.65945,96.02564,2020-02-04,4,"confirmed"
"Queensland","Australia",-27.4698,153.0251,2020-02-04,1,"confirmed"
"Santa Clara, CA","US",37.3541,-121.9552,2020-02-04,1,"confirmed"
"Shaanxi","Mainland China",35.19165,108.8701,2020-02-04,37,"confirmed"
"Shandong","Mainland China",36.34377,118.1529,2020-02-04,28,"confirmed"
"Shanghai","Mainland China",31.20327,121.4554,2020-02-04,25,"confirmed"
"Shanxi","Mainland China",37.57769,112.2922,2020-02-04,7,"confirmed"
"Sichuan","Mainland China",30.61714,102.7103,2020-02-04,47,"confirmed"
"Taiwan","Taiwan",23.6978,120.9605,2020-02-04,1,"confirmed"
"Tianjin","Mainland China",39.29362,117.333,2020-02-04,7,"confirmed"
"Xinjiang","Mainland China",41.11981,85.17822,2020-02-04,8,"confirmed"
"Yunnan","Mainland China",24.97411,101.4868,2020-02-04,5,"confirmed"
"Zhejiang","Mainland China",29.18251,120.0985,2020-02-04,171,"confirmed"
"Hong Kong","Hong Kong",22.3193,114.1694,2020-02-04,1,"death"
"Hubei","Mainland China",30.97564,112.2707,2020-02-04,65,"death"
"Anhui","Mainland China",31.82571,117.2264,2020-02-04,6,"recovered"
"Beijing","Mainland China",40.18238,116.4142,2020-02-04,11,"recovered"
"Chongqing","Mainland China",30.05718,107.874,2020-02-04,5,"recovered"
"Fujian","Mainland China",26.07783,117.9895,2020-02-04,2,"recovered"
"Gansu","Mainland China",36.0611,103.8343,2020-02-04,1,"recovered"
"Guangdong","Mainland China",23.33841,113.422,2020-02-04,11,"recovered"
"Guangxi","Mainland China",23.82908,108.7881,2020-02-04,3,"recovered"
"Guizhou","Mainland China",26.81536,106.8748,2020-02-04,3,"recovered"
"Hebei","Mainland China",38.0428,114.5149,2020-02-04,1,"recovered"
"Heilongjiang","Mainland China",47.862,127.7622,2020-02-04,2,"recovered"
"Henan","Mainland China",33.88202,113.614,2020-02-04,27,"recovered"
"Hubei","Mainland China",30.97564,112.2707,2020-02-04,136,"recovered"
"Hunan","Mainland China",27.61041,111.7088,2020-02-04,13,"recovered"
"Jiangsu","Mainland China",32.97027,119.464,2020-02-04,5,"recovered"
"Jiangxi","Mainland China",27.61401,115.7221,2020-02-04,9,"recovered"
"Liaoning","Mainland China",41.29284,122.6086,2020-02-04,1,"recovered"
"Shaanxi","Mainland China",35.19165,108.8701,2020-02-04,2,"recovered"
"Shandong","Mainland China",36.34377,118.1529,2020-02-04,6,"recovered"
"Shanghai","Mainland China",31.20327,121.4554,2020-02-04,2,"recovered"
"Shanxi","Mainland China",37.57769,112.2922,2020-02-04,2,"recovered"
"Sichuan","Mainland China",30.61714,102.7103,2020-02-04,9,"recovered"
"Tianjin","Mainland China",39.29362,117.333,2020-02-04,1,"recovered"
"Zhejiang","Mainland China",29.18251,120.0985,2020-02-04,20,"recovered"
"","Japan",35.6762,139.6503,2020-02-05,23,"confirmed"
"","Malaysia",4.2105,101.9758,2020-02-05,2,"confirmed"
"","Singapore",1.3521,103.8198,2020-02-05,4,"confirmed"
"","South Korea",37.5665,126.978,2020-02-05,7,"confirmed"
"","Vietnam",21.0278,105.8342,2020-02-05,2,"confirmed"
"Anhui","Mainland China",31.82571,117.2264,2020-02-05,61,"confirmed"
"Beijing","Mainland China",40.18238,116.4142,2020-02-05,46,"confirmed"
"British Columbia","Canada",49.2827,-123.121,2020-02-05,1,"confirmed"
"Chongqing","Mainland China",30.05718,107.874,2020-02-05,23,"confirmed"
"Fujian","Mainland China",26.07783,117.9895,2020-02-05,21,"confirmed"
"Gansu","Mainland China",36.0611,103.8343,2020-02-05,5,"confirmed"
"Guangdong","Mainland China",23.33841,113.422,2020-02-05,74,"confirmed"
"Guangxi","Mainland China",23.82908,108.7881,2020-02-05,18,"confirmed"
"Guizhou","Mainland China",26.81536,106.8748,2020-02-05,5,"confirmed"
"Hainan","Mainland China",19.19673,109.7455,2020-02-05,9,"confirmed"
"Hebei","Mainland China",38.0428,114.5149,2020-02-05,22,"confirmed"
"Heilongjiang","Mainland China",47.862,127.7622,2020-02-05,37,"confirmed"
"Henan","Mainland China",33.88202,113.614,2020-02-05,87,"confirmed"
"Hong Kong","Hong Kong",22.3193,114.1694,2020-02-05,3,"confirmed"
"Hubei","Mainland China",30.97564,112.2707,2020-02-05,2987,"confirmed"
"Hunan","Mainland China",27.61041,111.7088,2020-02-05,50,"confirmed"
"Inner Mongolia","Mainland China",44.09448,113.9456,2020-02-05,4,"confirmed"
"Jiangsu","Mainland China",32.97027,119.464,2020-02-05,32,"confirmed"
"Jiangxi","Mainland China",27.61401,115.7221,2020-02-05,52,"confirmed"
"Jilin","Mainland China",43.66657,126.1917,2020-02-05,5,"confirmed"
"Liaoning","Mainland China",41.29284,122.6086,2020-02-05,8,"confirmed"
"Madison, WI","US",43.0731,-89.4012,2020-02-05,1,"confirmed"
"Ningxia","Mainland China",37.26923,106.1655,2020-02-05,6,"confirmed"
"Qinghai","Mainland China",35.65945,96.02564,2020-02-05,1,"confirmed"
"Queensland","Australia",-27.4698,153.0251,2020-02-05,1,"confirmed"
"Shaanxi","Mainland China",35.19165,108.8701,2020-02-05,8,"confirmed"
"Shandong","Mainland China",36.34377,118.1529,2020-02-05,45,"confirmed"
"Shanghai","Mainland China",31.20327,121.4554,2020-02-05,21,"confirmed"
"Shanxi","Mainland China",37.57769,112.2922,2020-02-05,9,"confirmed"
"Sichuan","Mainland China",30.61714,102.7103,2020-02-05,20,"confirmed"
"Tianjin","Mainland China",39.29362,117.333,2020-02-05,2,"confirmed"
"Xinjiang","Mainland China",41.11981,85.17822,2020-02-05,4,"confirmed"
"Yunnan","Mainland China",24.97411,101.4868,2020-02-05,6,"confirmed"
"Zhejiang","Mainland China",29.18251,120.0985,2020-02-05,59,"confirmed"
"Guizhou","Mainland China",26.81536,106.8748,2020-02-05,1,"death"
"Heilongjiang","Mainland China",47.862,127.7622,2020-02-05,1,"death"
"Hubei","Mainland China",30.97564,112.2707,2020-02-05,70,"death"
"Tianjin","Mainland China",39.29362,117.333,2020-02-05,1,"death"
"Anhui","Mainland China",31.82571,117.2264,2020-02-05,3,"recovered"
"Beijing","Mainland China",40.18238,116.4142,2020-02-05,8,"recovered"
"Chongqing","Mainland China",30.05718,107.874,2020-02-05,1,"recovered"
"Fujian","Mainland China",26.07783,117.9895,2020-02-05,8,"recovered"
"Gansu","Mainland China",36.0611,103.8343,2020-02-05,2,"recovered"
"Guangdong","Mainland China",23.33841,113.422,2020-02-05,17,"recovered"
"Guangxi","Mainland China",23.82908,108.7881,2020-02-05,4,"recovered"
"Guizhou","Mainland China",26.81536,106.8748,2020-02-05,1,"recovered"
"Hainan","Mainland China",19.19673,109.7455,2020-02-05,1,"recovered"
"Hebei","Mainland China",38.0428,114.5149,2020-02-05,3,"recovered"
"Heilongjiang","Mainland China",47.862,127.7622,2020-02-05,3,"recovered"
"Henan","Mainland China",33.88202,113.614,2020-02-05,13,"recovered"
"Hubei","Mainland China",30.97564,112.2707,2020-02-05,129,"recovered"
"Hunan","Mainland China",27.61041,111.7088,2020-02-05,21,"recovered"
"Inner Mongolia","Mainland China",44.09448,113.9456,2020-02-05,3,"recovered"
"Jiangsu","Mainland China",32.97027,119.464,2020-02-05,16,"recovered"
"Jiangxi","Mainland China",27.61401,115.7221,2020-02-05,10,"recovered"
"Jilin","Mainland China",43.66657,126.1917,2020-02-05,1,"recovered"
"Liaoning","Mainland China",41.29284,122.6086,2020-02-05,2,"recovered"
"Qinghai","Mainland China",35.65945,96.02564,2020-02-05,3,"recovered"
"Shaanxi","Mainland China",35.19165,108.8701,2020-02-05,5,"recovered"
"Shandong","Mainland China",36.34377,118.1529,2020-02-05,8,"recovered"
"Shanghai","Mainland China",31.20327,121.4554,2020-02-05,13,"recovered"
"Shanxi","Mainland China",37.57769,112.2922,2020-02-05,2,"recovered"
"Sichuan","Mainland China",30.61714,102.7103,2020-02-05,4,"recovered"
"Zhejiang","Mainland China",29.18251,120.0985,2020-02-05,18,"recovered"
"Chongqing","Mainland China",30.05718,107.874,2020-02-06,11,"confirmed"
"Guangdong","Mainland China",23.33841,113.422,2020-02-06,26,"confirmed"
"Guizhou","Mainland China",26.81536,106.8748,2020-02-06,2,"confirmed"
"Hainan","Mainland China",19.19673,109.7455,2020-02-06,6,"confirmed"
"Hong Kong","Hong Kong",22.3193,114.1694,2020-02-06,3,"confirmed"
"Liaoning","Mainland China",41.29284,122.6086,2020-02-06,5,"confirmed"
"Shandong","Mainland China",36.34377,118.1529,2020-02-06,4,"confirmed"
"Shanghai","Mainland China",31.20327,121.4554,2020-02-06,3,"confirmed"
"Taiwan","Taiwan",23.6978,120.9605,2020-02-06,5,"confirmed"
"Tianjin","Mainland China",39.29362,117.333,2020-02-06,9,"confirmed"
"Yunnan","Mainland China",24.97411,101.4868,2020-02-06,5,"confirmed"
"Anhui","Mainland China",31.82571,117.2264,2020-02-06,11,"recovered"
"Chongqing","Mainland China",30.05718,107.874,2020-02-06,9,"recovered"
"Fujian","Mainland China",26.07783,117.9895,2020-02-06,3,"recovered"
"Guangdong","Mainland China",23.33841,113.422,2020-02-06,20,"recovered"
"Hainan","Mainland China",19.19673,109.7455,2020-02-06,3,"recovered"
"Hebei","Mainland China",38.0428,114.5149,2020-02-06,6,"recovered"
"Heilongjiang","Mainland China",47.862,127.7622,2020-02-06,1,"recovered"
"Henan","Mainland China",33.88202,113.614,2020-02-06,2,"recovered"
"Hubei","Mainland China",30.97564,112.2707,2020-02-06,61,"recovered"
"Hunan","Mainland China",27.61041,111.7088,2020-02-06,25,"recovered"
"Jiangsu","Mainland China",32.97027,119.464,2020-02-06,5,"recovered"
"Jilin","Mainland China",43.66657,126.1917,2020-02-06,2,"recovered"
"Liaoning","Mainland China",41.29284,122.6086,2020-02-06,1,"recovered"
"Macau","Macau",22.1987,113.5439,2020-02-06,1,"recovered"
"Shaanxi","Mainland China",35.19165,108.8701,2020-02-06,2,"recovered"
"Shandong","Mainland China",36.34377,118.1529,2020-02-06,6,"recovered"
"Shanxi","Mainland China",37.57769,112.2922,2020-02-06,6,"recovered"
"Sichuan","Mainland China",30.61714,102.7103,2020-02-06,4,"recovered"
"Taiwan","Taiwan",23.6978,120.9605,2020-02-06,1,"recovered"
"Yunnan","Mainland China",24.97411,101.4868,2020-02-06,2,"recovered"
"Zhejiang","Mainland China",29.18251,120.0985,2020-02-06,13,"recovered"
"","Germany",51.1657,10.4515,2020-02-07,1,"confirmed"
"","Italy",41.8719,12.5674,2020-02-07,1,"confirmed"
"","Japan",35.6762,139.6503,2020-02-07,-20,"confirmed"
"","Philippines",12.8797,121.774,2020-02-07,1,"confirmed"
"","Singapore",1.3521,103.8198,2020-02-07,2,"confirmed"
"","South Korea",37.5665,126.978,2020-02-07,13,"confirmed"
"","UK",55.3781,-3.436,2020-02-07,1,"confirmed"
"Anhui","Mainland China",31.82571,117.2264,2020-02-07,142,"confirmed"
"Beijing","Mainland China",40.18238,116.4142,2020-02-07,41,"confirmed"
"British Columbia","Canada",49.2827,-123.121,2020-02-07,2,"confirmed"
"Chongqing","Mainland China",30.05718,107.874,2020-02-07,26,"confirmed"
"Diamond Princess cruise ship","Others",35.4437,129.638,2020-02-07,61,"confirmed"
"Fujian","Mainland China",26.07783,117.9895,2020-02-07,24,"confirmed"
"Gansu","Mainland China",36.0611,103.8343,2020-02-07,9,"confirmed"
"Guangdong","Mainland China",23.33841,113.422,2020-02-07,105,"confirmed"
"Guangxi","Mainland China",23.82908,108.7881,2020-02-07,15,"confirmed"
"Guizhou","Mainland China",26.81536,106.8748,2020-02-07,18,"confirmed"
"Hainan","Mainland China",19.19673,109.7455,2020-02-07,18,"confirmed"
"Hebei","Mainland China",38.0428,114.5149,2020-02-07,38,"confirmed"
"Heilongjiang","Mainland China",47.862,127.7622,2020-02-07,68,"confirmed"
"Henan","Mainland China",33.88202,113.614,2020-02-07,130,"confirmed"
"Hong Kong","Hong Kong",22.3193,114.1694,2020-02-07,2,"confirmed"
"Hubei","Mainland China",30.97564,112.2707,2020-02-07,5288,"confirmed"
"Hunan","Mainland China",27.61041,111.7088,2020-02-07,92,"confirmed"
"Inner Mongolia","Mainland China",44.09448,113.9456,2020-02-07,6,"confirmed"
"Jiangsu","Mainland China",32.97027,119.464,2020-02-07,66,"confirmed"
"Jiangxi","Mainland China",27.61401,115.7221,2020-02-07,98,"confirmed"
"Jilin","Mainland China",43.66657,126.1917,2020-02-07,10,"confirmed"
"Liaoning","Mainland China",41.29284,122.6086,2020-02-07,5,"confirmed"
"Ningxia","Mainland China",37.26923,106.1655,2020-02-07,5,"confirmed"
"Queensland","Australia",-27.4698,153.0251,2020-02-07,1,"confirmed"
"Shaanxi","Mainland China",35.19165,108.8701,2020-02-07,22,"confirmed"
"Shandong","Mainland China",36.34377,118.1529,2020-02-07,60,"confirmed"
"Shanghai","Mainland China",31.20327,121.4554,2020-02-07,24,"confirmed"
"Shanxi","Mainland China",37.57769,112.2922,2020-02-07,14,"confirmed"
"Sichuan","Mainland China",30.61714,102.7103,2020-02-07,42,"confirmed"
"Tianjin","Mainland China",39.29362,117.333,2020-02-07,10,"confirmed"
"Xinjiang","Mainland China",41.11981,85.17822,2020-02-07,6,"confirmed"
"Yunnan","Mainland China",24.97411,101.4868,2020-02-07,5,"confirmed"
"Zhejiang","Mainland China",29.18251,120.0985,2020-02-07,94,"confirmed"
"Beijing","Mainland China",40.18238,116.4142,2020-02-07,1,"death"
"Gansu","Mainland China",36.0611,103.8343,2020-02-07,1,"death"
"Guangdong","Mainland China",23.33841,113.422,2020-02-07,1,"death"
"Hainan","Mainland China",19.19673,109.7455,2020-02-07,1,"death"
"Heilongjiang","Mainland China",47.862,127.7622,2020-02-07,2,"death"
"Henan","Mainland China",33.88202,113.614,2020-02-07,2,"death"
"Hubei","Mainland China",30.97564,112.2707,2020-02-07,150,"death"
"Jilin","Mainland China",43.66657,126.1917,2020-02-07,1,"death"
"","Malaysia",4.2105,101.9758,2020-02-07,1,"recovered"
"","South Korea",37.5665,126.978,2020-02-07,1,"recovered"
"","Sri Lanka",7.8731,80.7718,2020-02-07,1,"recovered"
"Anhui","Mainland China",31.82571,117.2264,2020-02-07,13,"recovered"
"Beijing","Mainland China",40.18238,116.4142,2020-02-07,3,"recovered"
"Chongqing","Mainland China",30.05718,107.874,2020-02-07,7,"recovered"
"Fujian","Mainland China",26.07783,117.9895,2020-02-07,6,"recovered"
"Gansu","Mainland China",36.0611,103.8343,2020-02-07,3,"recovered"
"Guangdong","Mainland China",23.33841,113.422,2020-02-07,28,"recovered"
"Guangxi","Mainland China",23.82908,108.7881,2020-02-07,3,"recovered"
"Hainan","Mainland China",19.19673,109.7455,2020-02-07,3,"recovered"
"Hebei","Mainland China",38.0428,114.5149,2020-02-07,12,"recovered"
"Heilongjiang","Mainland China",47.862,127.7622,2020-02-07,4,"recovered"
"Henan","Mainland China",33.88202,113.614,2020-02-07,41,"recovered"
"Hubei","Mainland China",30.97564,112.2707,2020-02-07,403,"recovered"
"Hunan","Mainland China",27.61041,111.7088,2020-02-07,38,"recovered"
"Inner Mongolia","Mainland China",44.09448,113.9456,2020-02-07,1,"recovered"
"Jiangsu","Mainland China",32.97027,119.464,2020-02-07,9,"recovered"
"Jiangxi","Mainland China",27.61401,115.7221,2020-02-07,18,"recovered"
"Liaoning","Mainland China",41.29284,122.6086,2020-02-07,2,"recovered"
"Ningxia","Mainland China",37.26923,106.1655,2020-02-07,4,"recovered"
"Shaanxi","Mainland China",35.19165,108.8701,2020-02-07,8,"recovered"
"Shandong","Mainland China",36.34377,118.1529,2020-02-07,11,"recovered"
"Shanghai","Mainland China",31.20327,121.4554,2020-02-07,-22,"recovered"
"Shanxi","Mainland China",37.57769,112.2922,2020-02-07,3,"recovered"
"Sichuan","Mainland China",30.61714,102.7103,2020-02-07,-26,"recovered"
"Yunnan","Mainland China",24.97411,101.4868,2020-02-07,5,"recovered"
"Zhejiang","Mainland China",29.18251,120.0985,2020-02-07,33,"recovered"
"","France",46.2276,2.2137,2020-02-08,5,"confirmed"
"","Malaysia",4.2105,101.9758,2020-02-08,4,"confirmed"
"","Singapore",1.3521,103.8198,2020-02-08,10,"confirmed"
"","South Korea",37.5665,126.978,2020-02-08,-11,"confirmed"
"","Thailand",13.7563,100.5018,2020-02-08,7,"confirmed"
"","United Arab Emirates",23.4241,53.8478,2020-02-08,2,"confirmed"
"","Vietnam",21.0278,105.8342,2020-02-08,3,"confirmed"
"Anhui","Mainland China",31.82571,117.2264,2020-02-08,46,"confirmed"
"Beijing","Mainland China",40.18238,116.4142,2020-02-08,11,"confirmed"
"Chongqing","Mainland China",30.05718,107.874,2020-02-08,20,"confirmed"
"Fujian","Mainland China",26.07783,117.9895,2020-02-08,11,"confirmed"
"Gansu","Mainland China",36.0611,103.8343,2020-02-08,8,"confirmed"
"Guangdong","Mainland China",23.33841,113.422,2020-02-08,45,"confirmed"
"Guangxi","Mainland China",23.82908,108.7881,2020-02-08,12,"confirmed"
"Guizhou","Mainland China",26.81536,106.8748,2020-02-08,7,"confirmed"
"Hainan","Mainland China",19.19673,109.7455,2020-02-08,4,"confirmed"
"Hebei","Mainland China",38.0428,114.5149,2020-02-08,11,"confirmed"
"Heilongjiang","Mainland China",47.862,127.7622,2020-02-08,12,"confirmed"
"Henan","Mainland China",33.88202,113.614,2020-02-08,52,"confirmed"
"Hubei","Mainland China",30.97564,112.2707,2020-02-08,2147,"confirmed"
"Hunan","Mainland China",27.61041,111.7088,2020-02-08,35,"confirmed"
"Inner Mongolia","Mainland China",44.09448,113.9456,2020-02-08,2,"confirmed"
"Jiangsu","Mainland China",32.97027,119.464,2020-02-08,29,"confirmed"
"Jiangxi","Mainland China",27.61401,115.7221,2020-02-08,42,"confirmed"
"Jilin","Mainland China",43.66657,126.1917,2020-02-08,9,"confirmed"
"Liaoning","Mainland China",41.29284,122.6086,2020-02-08,6,"confirmed"
"Shaanxi","Mainland China",35.19165,108.8701,2020-02-08,13,"confirmed"
"Shandong","Mainland China",36.34377,118.1529,2020-02-08,28,"confirmed"
"Shanghai","Mainland China",31.20327,121.4554,2020-02-08,11,"confirmed"
"Shanxi","Mainland China",37.57769,112.2922,2020-02-08,11,"confirmed"
"Sichuan","Mainland China",30.61714,102.7103,2020-02-08,23,"confirmed"
"Taiwan","Taiwan",23.6978,120.9605,2020-02-08,1,"confirmed"
"Tianjin","Mainland China",39.29362,117.333,2020-02-08,2,"confirmed"
"Xinjiang","Mainland China",41.11981,85.17822,2020-02-08,3,"confirmed"
"Yunnan","Mainland China",24.97411,101.4868,2020-02-08,2,"confirmed"
"Zhejiang","Mainland China",29.18251,120.0985,2020-02-08,27,"confirmed"
"Anhui","Mainland China",31.82571,117.2264,2020-02-08,1,"death"
"Guangxi","Mainland China",23.82908,108.7881,2020-02-08,1,"death"
"Hebei","Mainland China",38.0428,114.5149,2020-02-08,1,"death"
"Heilongjiang","Mainland China",47.862,127.7622,2020-02-08,1,"death"
"Henan","Mainland China",33.88202,113.614,2020-02-08,2,"death"
"Hubei","Mainland China",30.97564,112.2707,2020-02-08,81,"death"
"Hunan","Mainland China",27.61041,111.7088,2020-02-08,1,"death"
"Shandong","Mainland China",36.34377,118.1529,2020-02-08,1,"death"
"","Singapore",1.3521,103.8198,2020-02-08,2,"recovered"
"","South Korea",37.5665,126.978,2020-02-08,2,"recovered"
"","Thailand",13.7563,100.5018,2020-02-08,5,"recovered"
"Anhui","Mainland China",31.82571,117.2264,2020-02-08,12,"recovered"
"Beijing","Mainland China",40.18238,116.4142,2020-02-08,3,"recovered"
"Chongqing","Mainland China",30.05718,107.874,2020-02-08,8,"recovered"
"Fujian","Mainland China",26.07783,117.9895,2020-02-08,6,"recovered"
"Gansu","Mainland China",36.0611,103.8343,2020-02-08,3,"recovered"
"Guangdong","Mainland China",23.33841,113.422,2020-02-08,28,"recovered"
"Guangxi","Mainland China",23.82908,108.7881,2020-02-08,1,"recovered"
"Guizhou","Mainland China",26.81536,106.8748,2020-02-08,1,"recovered"
"Hainan","Mainland China",19.19673,109.7455,2020-02-08,4,"recovered"
"Hebei","Mainland China",38.0428,114.5149,2020-02-08,5,"recovered"
"Heilongjiang","Mainland China",47.862,127.7622,2020-02-08,1,"recovered"
"Henan","Mainland China",33.88202,113.614,2020-02-08,34,"recovered"
"Hubei","Mainland China",30.97564,112.2707,2020-02-08,325,"recovered"
"Hunan","Mainland China",27.61041,111.7088,2020-02-08,40,"recovered"
"Jiangsu","Mainland China",32.97027,119.464,2020-02-08,15,"recovered"
"Jiangxi","Mainland China",27.61401,115.7221,2020-02-08,17,"recovered"
"Jilin","Mainland China",43.66657,126.1917,2020-02-08,1,"recovered"
"Liaoning","Mainland China",41.29284,122.6086,2020-02-08,1,"recovered"
"Ningxia","Mainland China",37.26923,106.1655,2020-02-08,8,"recovered"
"Shaanxi","Mainland China",35.19165,108.8701,2020-02-08,8,"recovered"
"Shandong","Mainland China",36.34377,118.1529,2020-02-08,12,"recovered"
"Shanghai","Mainland China",31.20327,121.4554,2020-02-08,38,"recovered"
"Shanxi","Mainland China",37.57769,112.2922,2020-02-08,6,"recovered"
"Sichuan","Mainland China",30.61714,102.7103,2020-02-08,55,"recovered"
"Tianjin","Mainland China",39.29362,117.333,2020-02-08,2,"recovered"
"Yunnan","Mainland China",24.97411,101.4868,2020-02-08,5,"recovered"
"Zhejiang","Mainland China",29.18251,120.0985,2020-02-08,58,"recovered"
"","Germany",51.1657,10.4515,2020-02-09,1,"confirmed"
"","Japan",35.6762,139.6503,2020-02-09,1,"confirmed"
"","Malaysia",4.2105,101.9758,2020-02-09,2,"confirmed"
"","Singapore",1.3521,103.8198,2020-02-09,3,"confirmed"
"","South Korea",37.5665,126.978,2020-02-09,2,"confirmed"
"","Spain",40.4637,-3.7492,2020-02-09,1,"confirmed"
"","Vietnam",21.0278,105.8342,2020-02-09,1,"confirmed"
"Anhui","Mainland China",31.82571,117.2264,2020-02-09,51,"confirmed"
"Beijing","Mainland China",40.18238,116.4142,2020-02-09,11,"confirmed"
"Chongqing","Mainland China",30.05718,107.874,2020-02-09,22,"confirmed"
"Diamond Princess cruise ship","Others",35.4437,129.638,2020-02-09,3,"confirmed"
"Fujian","Mainland China",26.07783,117.9895,2020-02-09,11,"confirmed"
"Gansu","Mainland China",36.0611,103.8343,2020-02-09,4,"confirmed"
"Guangdong","Mainland China",23.33841,113.422,2020-02-09,31,"confirmed"
"Guangxi","Mainland China",23.82908,108.7881,2020-02-09,15,"confirmed"
"Guizhou","Mainland China",26.81536,106.8748,2020-02-09,13,"confirmed"
"Hainan","Mainland China",19.19673,109.7455,2020-02-09,8,"confirmed"
"Hebei","Mainland China",38.0428,114.5149,2020-02-09,12,"confirmed"
"Heilongjiang","Mainland China",47.862,127.7622,2020-02-09,24,"confirmed"
"Henan","Mainland China",33.88202,113.614,2020-02-09,40,"confirmed"
"Hong Kong","Hong Kong",22.3193,114.1694,2020-02-09,10,"confirmed"
"Hubei","Mainland China",30.97564,112.2707,2020-02-09,2531,"confirmed"
"Hunan","Mainland China",27.61041,111.7088,2020-02-09,41,"confirmed"
"Inner Mongolia","Mainland China",44.09448,113.9456,2020-02-09,4,"confirmed"
"Jiangsu","Mainland China",32.97027,119.464,2020-02-09,24,"confirmed"
"Jiangxi","Mainland China",27.61401,115.7221,2020-02-09,31,"confirmed"
"Jilin","Mainland China",43.66657,126.1917,2020-02-09,2,"confirmed"
"Liaoning","Mainland China",41.29284,122.6086,2020-02-09,2,"confirmed"
"Ningxia","Mainland China",37.26923,106.1655,2020-02-09,4,"confirmed"
"Shaanxi","Mainland China",35.19165,108.8701,2020-02-09,5,"confirmed"
"Shandong","Mainland China",36.34377,118.1529,2020-02-09,24,"confirmed"
"Shanghai","Mainland China",31.20327,121.4554,2020-02-09,3,"confirmed"
"Shanxi","Mainland China",37.57769,112.2922,2020-02-09,4,"confirmed"
"Sichuan","Mainland China",30.61714,102.7103,2020-02-09,19,"confirmed"
"Taiwan","Taiwan",23.6978,120.9605,2020-02-09,1,"confirmed"
"Tianjin","Mainland China",39.29362,117.333,2020-02-09,4,"confirmed"
"Xinjiang","Mainland China",41.11981,85.17822,2020-02-09,4,"confirmed"
"Yunnan","Mainland China",24.97411,101.4868,2020-02-09,1,"confirmed"
"Zhejiang","Mainland China",29.18251,120.0985,2020-02-09,17,"confirmed"
"Anhui","Mainland China",31.82571,117.2264,2020-02-09,2,"death"
"Gansu","Mainland China",36.0611,103.8343,2020-02-09,1,"death"
"Hainan","Mainland China",19.19673,109.7455,2020-02-09,1,"death"
"Heilongjiang","Mainland China",47.862,127.7622,2020-02-09,1,"death"
"Hubei","Mainland China",30.97564,112.2707,2020-02-09,91,"death"
"Jiangxi","Mainland China",27.61401,115.7221,2020-02-09,1,"death"
"Anhui","Mainland China",31.82571,117.2264,2020-02-09,14,"recovered"
"Beijing","Mainland China",40.18238,116.4142,2020-02-09,7,"recovered"
"Chicago, IL","US",40.6331,-89.3985,2020-02-09,2,"recovered"
"Chongqing","Mainland China",30.05718,107.874,2020-02-09,12,"recovered"
"Fujian","Mainland China",26.07783,117.9895,2020-02-09,9,"recovered"
"Gansu","Mainland China",36.0611,103.8343,2020-02-09,4,"recovered"
"Guangdong","Mainland China",23.33841,113.422,2020-02-09,22,"recovered"
"Hainan","Mainland China",19.19673,109.7455,2020-02-09,4,"recovered"
"Hebei","Mainland China",38.0428,114.5149,2020-02-09,5,"recovered"
"Heilongjiang","Mainland China",47.862,127.7622,2020-02-09,2,"recovered"
"Henan","Mainland China",33.88202,113.614,2020-02-09,38,"recovered"
"Hubei","Mainland China",30.97564,112.2707,2020-02-09,355,"recovered"
"Hunan","Mainland China",27.61041,111.7088,2020-02-09,27,"recovered"
"Jiangsu","Mainland China",32.97027,119.464,2020-02-09,14,"recovered"
"Jiangxi","Mainland China",27.61401,115.7221,2020-02-09,30,"recovered"
"Jilin","Mainland China",43.66657,126.1917,2020-02-09,7,"recovered"
"Liaoning","Mainland China",41.29284,122.6086,2020-02-09,4,"recovered"
"Seattle, WA","US",47.7511,-120.74,2020-02-09,1,"recovered"
"Shaanxi","Mainland China",35.19165,108.8701,2020-02-09,1,"recovered"
"Shandong","Mainland China",36.34377,118.1529,2020-02-09,13,"recovered"
"Shanghai","Mainland China",31.20327,121.4554,2020-02-09,3,"recovered"
"Shanxi","Mainland China",37.57769,112.2922,2020-02-09,4,"recovered"
"Sichuan","Mainland China",30.61714,102.7103,2020-02-09,16,"recovered"
"Yunnan","Mainland China",24.97411,101.4868,2020-02-09,1,"recovered"
"Zhejiang","Mainland China",29.18251,120.0985,2020-02-09,16,"recovered"
"","Singapore",1.3521,103.8198,2020-02-10,2,"confirmed"
"","UK",55.3781,-3.436,2020-02-10,5,"confirmed"
"","United Arab Emirates",23.4241,53.8478,2020-02-10,1,"confirmed"
"Chongqing","Mainland China",30.05718,107.874,2020-02-10,18,"confirmed"
"Diamond Princess cruise ship","Others",35.4437,129.638,2020-02-10,71,"confirmed"
"Gansu","Mainland China",36.0611,103.8343,2020-02-10,3,"confirmed"
"Guangdong","Mainland China",23.33841,113.422,2020-02-10,8,"confirmed"
"Hainan","Mainland China",19.19673,109.7455,2020-02-10,2,"confirmed"
"Hong Kong","Hong Kong",22.3193,114.1694,2020-02-10,2,"confirmed"
"Hubei","Mainland China",30.97564,112.2707,2020-02-10,2097,"confirmed"
"Jilin","Mainland China",43.66657,126.1917,2020-02-10,1,"confirmed"
"Liaoning","Mainland China",41.29284,122.6086,2020-02-10,1,"confirmed"
"Shandong","Mainland China",36.34377,118.1529,2020-02-10,7,"confirmed"
"Shanghai","Mainland China",31.20327,121.4554,2020-02-10,4,"confirmed"
"Tianjin","Mainland China",39.29362,117.333,2020-02-10,1,"confirmed"
"Yunnan","Mainland China",24.97411,101.4868,2020-02-10,8,"confirmed"
"Hubei","Mainland China",30.97564,112.2707,2020-02-10,103,"death"
"","Japan",35.6762,139.6503,2020-02-10,3,"recovered"
"Anhui","Mainland China",31.82571,117.2264,2020-02-10,15,"recovered"
"Chongqing","Mainland China",30.05718,107.874,2020-02-10,15,"recovered"
"Fujian","Mainland China",26.07783,117.9895,2020-02-10,4,"recovered"
"Gansu","Mainland China",36.0611,103.8343,2020-02-10,5,"recovered"
"Guangdong","Mainland China",23.33841,113.422,2020-02-10,20,"recovered"
"Guangxi","Mainland China",23.82908,108.7881,2020-02-10,6,"recovered"
"Guizhou","Mainland China",26.81536,106.8748,2020-02-10,3,"recovered"
"Hebei","Mainland China",38.0428,114.5149,2020-02-10,6,"recovered"
"Heilongjiang","Mainland China",47.862,127.7622,2020-02-10,15,"recovered"
"Henan","Mainland China",33.88202,113.614,2020-02-10,22,"recovered"
"Hubei","Mainland China",30.97564,112.2707,2020-02-10,427,"recovered"
"Hunan","Mainland China",27.61041,111.7088,2020-02-10,22,"recovered"
"Jiangsu","Mainland China",32.97027,119.464,2020-02-10,9,"recovered"
"Jiangxi","Mainland China",27.61401,115.7221,2020-02-10,3,"recovered"
"Jilin","Mainland China",43.66657,126.1917,2020-02-10,1,"recovered"
"Liaoning","Mainland China",41.29284,122.6086,2020-02-10,1,"recovered"
"Shaanxi","Mainland China",35.19165,108.8701,2020-02-10,4,"recovered"
"Shandong","Mainland China",36.34377,118.1529,2020-02-10,3,"recovered"
"Shanghai","Mainland China",31.20327,121.4554,2020-02-10,4,"recovered"
"Sichuan","Mainland China",30.61714,102.7103,2020-02-10,4,"recovered"
"Tianjin","Mainland China",39.29362,117.333,2020-02-10,4,"recovered"
"Yunnan","Mainland China",24.97411,101.4868,2020-02-10,1,"recovered"
"Zhejiang","Mainland China",29.18251,120.0985,2020-02-10,41,"recovered"
"","Germany",51.1657,10.4515,2020-02-11,2,"confirmed"
"","Singapore",1.3521,103.8198,2020-02-11,2,"confirmed"
"","South Korea",37.5665,126.978,2020-02-11,1,"confirmed"
"","Thailand",13.7563,100.5018,2020-02-11,1,"confirmed"
"","Vietnam",21.0278,105.8342,2020-02-11,1,"confirmed"
"Anhui","Mainland China",31.82571,117.2264,2020-02-11,59,"confirmed"
"Beijing","Mainland China",40.18238,116.4142,2020-02-11,5,"confirmed"
"Chongqing","Mainland China",30.05718,107.874,2020-02-11,19,"confirmed"
"Fujian","Mainland China",26.07783,117.9895,2020-02-11,11,"confirmed"
"Guangdong","Mainland China",23.33841,113.422,2020-02-11,60,"confirmed"
"Guangxi","Mainland China",23.82908,108.7881,2020-02-11,12,"confirmed"
"Guizhou","Mainland China",26.81536,106.8748,2020-02-11,22,"confirmed"
"Hainan","Mainland China",19.19673,109.7455,2020-02-11,13,"confirmed"
"Hebei","Mainland China",38.0428,114.5149,2020-02-11,33,"confirmed"
"Heilongjiang","Mainland China",47.862,127.7622,2020-02-11,47,"confirmed"
"Henan","Mainland China",33.88202,113.614,2020-02-11,62,"confirmed"
"Hong Kong","Hong Kong",22.3193,114.1694,2020-02-11,11,"confirmed"
"Hubei","Mainland China",30.97564,112.2707,2020-02-11,1638,"confirmed"
"Hunan","Mainland China",27.61041,111.7088,2020-02-11,67,"confirmed"
"Jiangsu","Mainland China",32.97027,119.464,2020-02-11,51,"confirmed"
"Jiangxi","Mainland China",27.61401,115.7221,2020-02-11,73,"confirmed"
"Jilin","Mainland China",43.66657,126.1917,2020-02-11,2,"confirmed"
"Liaoning","Mainland China",41.29284,122.6086,2020-02-11,8,"confirmed"
"Ningxia","Mainland China",37.26923,106.1655,2020-02-11,4,"confirmed"
"San Diego County, CA","US",32.7157,-117.1611,2020-02-11,1,"confirmed"
"Shaanxi","Mainland China",35.19165,108.8701,2020-02-11,6,"confirmed"
"Shandong","Mainland China",36.34377,118.1529,2020-02-11,31,"confirmed"
"Shanghai","Mainland China",31.20327,121.4554,2020-02-11,7,"confirmed"
"Shanxi","Mainland China",37.57769,112.2922,2020-02-11,5,"confirmed"
"Sichuan","Mainland China",30.61714,102.7103,2020-02-11,31,"confirmed"
"Tianjin","Mainland China",39.29362,117.333,2020-02-11,11,"confirmed"
"Xinjiang","Mainland China",41.11981,85.17822,2020-02-11,10,"confirmed"
"Yunnan","Mainland China",24.97411,101.4868,2020-02-11,5,"confirmed"
"Zhejiang","Mainland China",29.18251,120.0985,2020-02-11,39,"confirmed"
"Anhui","Mainland China",31.82571,117.2264,2020-02-11,1,"death"
"Beijing","Mainland China",40.18238,116.4142,2020-02-11,1,"death"
"Chongqing","Mainland China",30.05718,107.874,2020-02-11,1,"death"
"Heilongjiang","Mainland China",47.862,127.7622,2020-02-11,1,"death"
"Henan","Mainland China",33.88202,113.614,2020-02-11,2,"death"
"Hubei","Mainland China",30.97564,112.2707,2020-02-11,94,"death"
"Hunan","Mainland China",27.61041,111.7088,2020-02-11,1,"death"
"Tianjin","Mainland China",39.29362,117.333,2020-02-11,1,"death"
"","Finland",61.9241,25.7482,2020-02-11,1,"recovered"
"","Japan",35.6762,139.6503,2020-02-11,5,"recovered"
"","Malaysia",4.2105,101.9758,2020-02-11,2,"recovered"
"","Singapore",1.3521,103.8198,2020-02-11,7,"recovered"
"","South Korea",37.5665,126.978,2020-02-11,1,"recovered"
"","United Arab Emirates",23.4241,53.8478,2020-02-11,1,"recovered"
"","Vietnam",21.0278,105.8342,2020-02-11,5,"recovered"
"Anhui","Mainland China",31.82571,117.2264,2020-02-11,20,"recovered"
"Beijing","Mainland China",40.18238,116.4142,2020-02-11,4,"recovered"
"Chongqing","Mainland China",30.05718,107.874,2020-02-11,13,"recovered"
"Fujian","Mainland China",26.07783,117.9895,2020-02-11,7,"recovered"
"Gansu","Mainland China",36.0611,103.8343,2020-02-11,3,"recovered"
"Guangdong","Mainland China",23.33841,113.422,2020-02-11,74,"recovered"
"Guangxi","Mainland China",23.82908,108.7881,2020-02-11,7,"recovered"
"Guizhou","Mainland China",26.81536,106.8748,2020-02-11,7,"recovered"
"Hainan","Mainland China",19.19673,109.7455,2020-02-11,1,"recovered"
"Hebei","Mainland China",38.0428,114.5149,2020-02-11,7,"recovered"
"Heilongjiang","Mainland China",47.862,127.7622,2020-02-11,-2,"recovered"
"Henan","Mainland China",33.88202,113.614,2020-02-11,40,"recovered"
"Hubei","Mainland China",30.97564,112.2707,2020-02-11,417,"recovered"
"Hunan","Mainland China",27.61041,111.7088,2020-02-11,55,"recovered"
"Jiangsu","Mainland China",32.97027,119.464,2020-02-11,13,"recovered"
"Jiangxi","Mainland China",27.61401,115.7221,2020-02-11,47,"recovered"
"Jilin","Mainland China",43.66657,126.1917,2020-02-11,5,"recovered"
"Liaoning","Mainland China",41.29284,122.6086,2020-02-11,6,"recovered"
"Ningxia","Mainland China",37.26923,106.1655,2020-02-11,9,"recovered"
"Qinghai","Mainland China",35.65945,96.02564,2020-02-11,2,"recovered"
"Shaanxi","Mainland China",35.19165,108.8701,2020-02-11,2,"recovered"
"Shandong","Mainland China",36.34377,118.1529,2020-02-11,14,"recovered"
"Shanghai","Mainland China",31.20327,121.4554,2020-02-11,5,"recovered"
"Shanxi","Mainland China",37.57769,112.2922,2020-02-11,5,"recovered"
"Sichuan","Mainland China",30.61714,102.7103,2020-02-11,5,"recovered"
"Tianjin","Mainland China",39.29362,117.333,2020-02-11,2,"recovered"
"Xinjiang","Mainland China",41.11981,85.17822,2020-02-11,3,"recovered"
"Yunnan","Mainland China",24.97411,101.4868,2020-02-11,1,"recovered"
"Zhejiang","Mainland China",29.18251,120.0985,2020-02-11,37,"recovered"
"","Japan",35.6762,139.6503,2020-02-12,2,"confirmed"
"","Singapore",1.3521,103.8198,2020-02-12,3,"confirmed"
"","UK",55.3781,-3.436,2020-02-12,1,"confirmed"
"Anhui","Mainland China",31.82571,117.2264,2020-02-12,21,"confirmed"
"Beijing","Mainland China",40.18238,116.4142,2020-02-12,24,"confirmed"
"Chongqing","Mainland China",30.05718,107.874,2020-02-12,13,"confirmed"
"Diamond Princess cruise ship","Others",35.4437,129.638,2020-02-12,40,"confirmed"
"Fujian","Mainland China",26.07783,117.9895,2020-02-12,7,"confirmed"
"Gansu","Mainland China",36.0611,103.8343,2020-02-12,1,"confirmed"
"Guangdong","Mainland China",23.33841,113.422,2020-02-12,22,"confirmed"
"Guizhou","Mainland China",26.81536,106.8748,2020-02-12,4,"confirmed"
"Hainan","Mainland China",19.19673,109.7455,2020-02-12,6,"confirmed"
"Hebei","Mainland China",38.0428,114.5149,2020-02-12,14,"confirmed"
"Heilongjiang","Mainland China",47.862,127.7622,2020-02-12,17,"confirmed"
"Henan","Mainland China",33.88202,113.614,2020-02-12,34,"confirmed"
"Hong Kong","Hong Kong",22.3193,114.1694,2020-02-12,1,"confirmed"
"Hubei","Mainland China",30.97564,112.2707,2020-02-12,14840,"confirmed"
"Hunan","Mainland China",27.61041,111.7088,2020-02-12,22,"confirmed"
"Inner Mongolia","Mainland China",44.09448,113.9456,2020-02-12,3,"confirmed"
"Jiangsu","Mainland China",32.97027,119.464,2020-02-12,27,"confirmed"
"Jiangxi","Mainland China",27.61401,115.7221,2020-02-12,28,"confirmed"
"Jilin","Mainland China",43.66657,126.1917,2020-02-12,1,"confirmed"
"Ningxia","Mainland China",37.26923,106.1655,2020-02-12,11,"confirmed"
"Shaanxi","Mainland China",35.19165,108.8701,2020-02-12,10,"confirmed"
"Shandong","Mainland China",36.34377,118.1529,2020-02-12,9,"confirmed"
"Shanghai","Mainland China",31.20327,121.4554,2020-02-12,7,"confirmed"
"Shanxi","Mainland China",37.57769,112.2922,2020-02-12,2,"confirmed"
"Sichuan","Mainland China",30.61714,102.7103,2020-02-12,15,"confirmed"
"Tianjin","Mainland China",39.29362,117.333,2020-02-12,7,"confirmed"
"Xinjiang","Mainland China",41.11981,85.17822,2020-02-12,4,"confirmed"
"Yunnan","Mainland China",24.97411,101.4868,2020-02-12,1,"confirmed"
"Zhejiang","Mainland China",29.18251,120.0985,2020-02-12,14,"confirmed"
"Anhui","Mainland China",31.82571,117.2264,2020-02-12,1,"death"
"Guangdong","Mainland China",23.33841,113.422,2020-02-12,1,"death"
"Guangxi","Mainland China",23.82908,108.7881,2020-02-12,1,"death"
"Hainan","Mainland China",19.19673,109.7455,2020-02-12,1,"death"
"Hebei","Mainland China",38.0428,114.5149,2020-02-12,1,"death"
"Heilongjiang","Mainland China",47.862,127.7622,2020-02-12,1,"death"
"Henan","Mainland China",33.88202,113.614,2020-02-12,2,"death"
"Hubei","Mainland China",30.97564,112.2707,2020-02-12,242,"death"
"Liaoning","Mainland China",41.29284,122.6086,2020-02-12,1,"death"
"Shandong","Mainland China",36.34377,118.1529,2020-02-12,1,"death"
"Xinjiang","Mainland China",41.11981,85.17822,2020-02-12,1,"death"
"","Cambodia",12.5657,104.991,2020-02-12,1,"recovered"
"","France",46.2276,2.2137,2020-02-12,2,"recovered"
"","Nepal",28.3949,84.124,2020-02-12,1,"recovered"
"","Philippines",12.8797,121.774,2020-02-12,1,"recovered"
"","Russia",61.524,105.3188,2020-02-12,2,"recovered"
"","Singapore",1.3521,103.8198,2020-02-12,6,"recovered"
"","South Korea",37.5665,126.978,2020-02-12,3,"recovered"
"","UK",55.3781,-3.436,2020-02-12,1,"recovered"
"Anhui","Mainland China",31.82571,117.2264,2020-02-12,20,"recovered"
"Beijing","Mainland China",40.18238,116.4142,2020-02-12,20,"recovered"
"Chongqing","Mainland China",30.05718,107.874,2020-02-12,23,"recovered"
"Fujian","Mainland China",26.07783,117.9895,2020-02-12,8,"recovered"
"Gansu","Mainland China",36.0611,103.8343,2020-02-12,7,"recovered"
"Guangdong","Mainland China",23.33841,113.422,2020-02-12,43,"recovered"
"Guangxi","Mainland China",23.82908,108.7881,2020-02-12,2,"recovered"
"Guizhou","Mainland China",26.81536,106.8748,2020-02-12,3,"recovered"
"Hainan","Mainland China",19.19673,109.7455,2020-02-12,7,"recovered"
"Hebei","Mainland China",38.0428,114.5149,2020-02-12,7,"recovered"
"Heilongjiang","Mainland China",47.862,127.7622,2020-02-12,3,"recovered"
"Henan","Mainland China",33.88202,113.614,2020-02-12,27,"recovered"
"Hong Kong","Hong Kong",22.3193,114.1694,2020-02-12,1,"recovered"
"Hubei","Mainland China",30.97564,112.2707,2020-02-12,802,"recovered"
"Hunan","Mainland China",27.61041,111.7088,2020-02-12,49,"recovered"
"Inner Mongolia","Mainland China",44.09448,113.9456,2020-02-12,1,"recovered"
"Jiangsu","Mainland China",32.97027,119.464,2020-02-12,37,"recovered"
"Jiangxi","Mainland China",27.61401,115.7221,2020-02-12,18,"recovered"
"Jilin","Mainland China",43.66657,126.1917,2020-02-12,4,"recovered"
"Liaoning","Mainland China",41.29284,122.6086,2020-02-12,2,"recovered"
"London, ON","Canada",42.9849,-81.2453,2020-02-12,1,"recovered"
"Macau","Macau",22.1987,113.5439,2020-02-12,1,"recovered"
"Ningxia","Mainland China",37.26923,106.1655,2020-02-12,2,"recovered"
"Qinghai","Mainland China",35.65945,96.02564,2020-02-12,4,"recovered"
"Shaanxi","Mainland China",35.19165,108.8701,2020-02-12,10,"recovered"
"Shandong","Mainland China",36.34377,118.1529,2020-02-12,18,"recovered"
"Shanghai","Mainland China",31.20327,121.4554,2020-02-12,4,"recovered"
"Shanxi","Mainland China",37.57769,112.2922,2020-02-12,3,"recovered"
"Sichuan","Mainland China",30.61714,102.7103,2020-02-12,8,"recovered"
"Tianjin","Mainland China",39.29362,117.333,2020-02-12,1,"recovered"
"Tibet","Mainland China",30.1534,88.7879,2020-02-12,1,"recovered"
"Yunnan","Mainland China",24.97411,101.4868,2020-02-12,3,"recovered"
"Zhejiang","Mainland China",29.18251,120.0985,2020-02-12,48,"recovered"
